scl_pha_ratio_mol,3hb_ratio_mol,3hv_ratio_mol,mcl_pha_ratio_mol,3hhx_ratio_mol,3hhp_ratio_mol,3ho_ratio_mol,3hn_ratio_mol,3hd_ratio_mol,3hud_ratio_mol,3hdd_ratio_mol,3htrid_ratio_mol,3httd_ratio_mol,unsaturated_monomer_ratio_mol,mw,mn,pdi,additive1_type,additive1_percentage_wt,additive2_type,additive2_percentage_wt,final_formulation_pha_percentage_wt,tg1,tm1,crystallinity_percentage,tm_mean,tm_max
99.87,99.81,0.06,0.13,0.09,0.0,0.04,0.0,0.0,0.0,0.0,0.0,0.0,0.0,,,,no_additive,0.0,no_additive,0.0,100.0,,176.0,52.0,176.0,176.0
98.88,98.88,0.0,1.12,0.92,0.0,0.2,0.0,0.0,0.0,0.0,0.0,0.0,0.0,190000.0,79166.66666666667,2.4,no_additive,0.0,no_additive,0.0,100.0,-1.0,155.0,,161.0,167.0
98.74,98.74,0.0,1.26,0.98,0.0,0.28,0.0,0.0,0.0,0.0,0.0,0.0,0.0,270000.0,112500.0,2.4,no_additive,0.0,no_additive,0.0,100.0,-3.0,141.0,,149.0,157.0
94.6,94.6,0.0,5.4,0.0,0.0,0.0,0.0,0.0,0.0,0.0,0.0,0.0,0.0,233000.0,116500.0,2.0,no_additive,0.0,no_additive,0.0,100.0,4.6,161.0,,161.0,161.0
0.0,0.0,0.0,100.0,6.1,0.0,92.6,0.0,0.0,0.0,0.0,0.0,0.0,0.0,98500.0,,,no_additive,0.0,no_additive,0.0,100.0,,52.0,16.0,52.0,52.0
95.0,95.0,0.0,5.0,0.0,0.0,0.0,0.0,0.0,0.0,0.0,0.0,0.0,0.0,211200.0,105600.0,2.0,no_additive,0.0,no_additive,0.0,100.0,-3.0,163.7,,163.7,163.7
93.0,93.0,0.0,7.0,0.0,0.0,0.0,0.0,0.0,0.0,0.0,0.0,0.0,0.0,163800.0,96352.94117647059,1.7,no_additive,0.0,no_additive,0.0,100.0,-3.3,163.8,,163.8,163.8
92.0,92.0,0.0,8.0,0.0,0.0,0.0,0.0,0.0,0.0,0.0,0.0,0.0,0.0,168300.0,93500.0,1.8,no_additive,0.0,no_additive,0.0,100.0,-2.9,163.9,,163.9,163.9
92.39999999999999,92.3,0.1,7.6000000000000005,2.1,0.0,4.3,0.0,1.2,0.0,0.0,0.0,0.0,0.0,,,,no_additive,0.0,no_additive,0.0,100.0,,161.0,45.0,161.0,161.0
91.4,91.3,0.1,8.6,2.9,0.0,4.2,0.0,1.5,0.0,0.0,0.0,0.0,0.0,,,,no_additive,0.0,no_additive,0.0,100.0,,157.0,44.0,157.0,157.0
91.2,91.1,0.1,8.8,2.7,0.0,4.2,0.0,1.9,0.0,0.0,0.0,0.0,0.0,,,,no_additive,0.0,no_additive,0.0,100.0,,159.0,43.0,159.0,159.0
90.7,90.5,0.2,9.299999999999999,2.6,0.0,4.6,0.0,2.1,0.0,0.0,0.0,0.0,0.0,,,,no_additive,0.0,no_additive,0.0,100.0,,157.0,42.0,157.0,157.0
99.2,98.9,0.3,0.5,0.3,0.0,0.2,0.0,0.0,0.0,0.0,0.0,0.0,0.0,,,,no_additive,0.0,no_additive,0.0,100.0,,172.0,52.0,172.0,172.0
0.0,0.0,0.0,100.0,0.0,0.0,25.52,0.0,52.12,0.0,5.67,0.0,16.67,0.0,30244.0,14754.0,2.05,no_additive,0.0,no_additive,0.0,100.0,3.99,172.84,43.73,172.84,172.84
0.0,0.0,0.0,100.0,1.0,0.0,22.0,0.0,68.0,0.0,5.0,0.0,4.0,0.0,370000.0,170000.0,2.1,no_additive,0.0,no_additive,0.0,100.0,-12.0,53.0,,53.0,53.0
0.0,0.0,0.0,100.0,3.0,0.0,17.0,0.0,50.0,0.0,13.0,0.0,17.0,0.0,125000.0,86206.89655172414,1.45,no_additive,0.0,no_additive,0.0,100.0,-49.9,45.0,27.0,45.0,45.0
0.0,0.0,0.0,100.0,3.0,0.0,23.0,0.0,66.0,0.0,8.0,0.0,0.0,0.0,223000.0,88000.0,2.5,no_additive,0.0,no_additive,0.0,100.0,-39.7,56.0,24.0,56.0,56.0
77.2,77.2,0.0,22.8,0.0,0.0,0.0,22.8,0.0,0.0,0.0,0.0,0.0,0.0,66700.0,111100.0,1.67,no_additive,0.0,no_additive,0.0,100.0,-1.34,155.91,,155.91,155.91
88.83,88.83,0.0,11.17,0.0,0.0,0.0,0.0,11.17,0.0,0.0,0.0,0.0,0.0,70500.0,117000.0,1.66,no_additive,0.0,no_additive,0.0,100.0,-2.07,154.71,,154.71,154.71
84.33,84.33,0.0,15.67,0.0,0.0,0.0,0.0,0.0,15.67,0.0,0.0,0.0,0.0,73700.0,129400.0,1.76,no_additive,0.0,no_additive,0.0,100.0,-0.44,156.38,,156.38,156.38
84.04,84.03999999999999,0.0,15.96,0.0,0.0,0.0,0.0,0.0,0.0,15.96,0.0,0.0,0.0,66100.0,116300.0,1.76,no_additive,0.0,no_additive,0.0,100.0,-1.47,155.84,,155.84,155.84
83.55,83.55,0.0,16.45,0.0,0.0,0.0,0.0,0.0,0.0,0.0,16.45,0.0,0.0,65100.0,115300.0,1.77,no_additive,0.0,no_additive,0.0,100.0,-1.14,156.03,,156.03,156.03
86.26,86.26,0.0,13.74,0.0,0.0,0.0,0.0,0.0,0.0,0.0,0.0,13.74,0.0,71600.0,117300.0,1.64,no_additive,0.0,no_additive,0.0,100.0,-3.49,149.56,,149.56,149.56
0.0,0.0,0.0,100.0,21.4,0.0,41.8,0.0,32.2,0.0,4.6,0.0,0.0,0.0,81477.0,46236.0,1.8,no_additive,0.0,no_additive,0.0,100.0,,52.43,3.0,52.43,52.43
0.0,0.0,0.0,100.0,4.8,0.0,38.1,0.0,34.1,0.0,23.0,0.0,0.0,0.0,65744.0,33670.0,2.0,no_additive,0.0,no_additive,0.0,100.0,,50.04,2.0,50.04,50.04
0.0,0.0,0.0,100.0,4.4,0.0,40.3,0.0,35.7,0.0,19.6,0.0,0.0,0.0,68851.0,33585.0,2.1,no_additive,0.0,no_additive,0.0,100.0,,48.89,5.0,48.89,48.89
0.0,0.0,0.0,100.0,5.6,0.0,41.8,0.0,36.7,0.0,15.9,0.0,0.0,0.0,63037.0,28333.0,2.2,no_additive,0.0,no_additive,0.0,100.0,,,,,
0.0,0.0,0.0,100.0,0.0,20.1,0.0,20.3,0.6,57.7,0.0,0.0,0.0,0.0,77391.0,38030.0,2.0,no_additive,0.0,no_additive,0.0,100.0,,54.66,6.0,54.66,54.66
0.0,0.0,0.0,100.0,0.3,27.8,0.8,22.4,3.5,41.0,1.2,0.0,0.0,0.0,60707.0,28785.0,2.1,no_additive,0.0,no_additive,0.0,100.0,,43.47,0.02,43.47,43.47
0.0,0.0,0.0,101.1,0.0,0.0,20.8,0.0,76.6,0.0,3.7,0.0,0.0,0.0,53692.0,25567.0,2.1,no_additive,0.0,no_additive,0.0,100.0,,49.3,3.0,49.3,49.3
69.1,69.1,0.0,31.200000000000003,0.0,0.0,8.9,0.0,13.8,0.0,8.5,0.0,0.0,0.0,107771.0,67082.0,1.6,no_additive,0.0,no_additive,0.0,100.0,,164.3,10.0,164.3,164.3
100.0,100.0,0.0,0.0,0.0,0.0,0.0,0.0,0.0,0.0,0.0,0.0,0.0,0.0,,,,no_additive,0.0,no_additive,0.0,100.0,,165.4,30.0,165.4,165.4
100.0,100.0,0.0,0.0,0.0,0.0,0.0,0.0,0.0,0.0,0.0,0.0,0.0,0.0,,,,no_additive,0.0,no_additive,0.0,100.0,,165.8,40.0,165.8,165.8
100.0,61.1,38.9,0.0,0.0,0.0,0.0,0.0,0.0,0.0,0.0,0.0,0.0,0.0,415793.0,200572.0,2.1,no_additive,0.0,no_additive,0.0,100.0,,106.2,30.0,106.2,106.2
0.0,0.0,0.0,100.0,11.2,0.0,84.5,0.0,4.3,0.0,0.0,0.0,0.0,0.0,235000.0,142000.0,1.65,no_additive,0.0,no_additive,0.0,100.0,-36.0,55.0,,55.0,55.0
0.0,0.0,0.0,100.0,8.0,0.0,90.0,0.0,2.0,0.0,0.0,0.0,0.0,0.0,130000.0,,,no_additive,0.0,no_additive,0.0,100.0,-33.7,54.9,7.9,54.9,54.9
0.0,0.0,0.0,100.0,8.0,0.0,90.0,0.0,2.0,0.0,0.0,0.0,0.0,0.0,130000.0,,,reinforcment_and_stiffening_modifiers,10.0,no_additive,0.0,90.0,-32.9,55.2,7.4,55.2,55.2
0.0,0.0,0.0,100.0,8.0,0.0,90.0,0.0,2.0,0.0,0.0,0.0,0.0,0.0,130000.0,,,reinforcment_and_stiffening_modifiers,30.0,no_additive,0.0,70.0,-33.1,55.7,6.9,55.7,55.7
0.0,0.0,0.0,100.0,13.8,0.0,86.2,0.0,0.0,0.0,0.0,0.0,0.0,0.0,211500.0,106281.40703517589,1.99,no_additive,0.0,no_additive,0.0,100.0,-33.1,58.1,,58.1,58.1
0.0,0.0,0.0,100.0,0.0,0.0,85.9,0.0,0.0,0.0,0.0,0.0,0.0,0.0,,,,no_additive,0.0,no_additive,0.0,100.0,-35.1,53.05,,53.05,53.05
0.0,0.0,0.0,100.1,5.1,1.5,40.0,4.7,39.8,0.0,9.0,0.0,0.0,0.0,66000.0,35000.0,1.9,no_additive,0.0,no_additive,0.0,100.0,-46.9,48.6,12.3,48.6,48.6
0.0,0.0,0.0,100.0,6.5,1.7,46.5,2.6,35.8,0.0,6.9,0.0,0.0,0.0,196000.0,78000.0,2.5,no_additive,0.0,no_additive,0.0,100.0,-43.5,53.6,10.4,53.6,53.6
0.0,0.0,0.0,100.0,11.2,0.0,84.5,0.0,4.3,0.0,0.0,0.0,0.0,0.0,234300.0,142000.0,1.65,no_additive,0.0,no_additive,0.0,100.0,-32.0,55.0,38.0,55.0,55.0
0.0,0.0,0.0,100.0,4.3,0.0,95.0,0.0,0.7,0.0,0.0,0.0,0.0,0.0,100100.0,77000.0,1.3,no_additive,0.0,no_additive,0.0,100.0,-31.0,55.0,34.0,55.0,55.0
0.0,0.0,0.0,100.0,0.0,0.0,26.0,0.0,74.0,0.0,0.0,0.0,0.0,0.0,370000.0,142307.6923076923,2.6,no_additive,0.0,no_additive,0.0,100.0,,,,,
0.0,0.0,0.0,100.0,14.0,0.0,79.0,0.0,7.0,0.0,0.0,0.0,0.0,0.0,235000.0,142000.0,1.65,no_additive,0.0,no_additive,0.0,100.0,-35.8,54.7,31.0,54.7,54.7
1.5,1.5,0.0,98.5,5.0,0.7,31.8,0.0,24.1,0.0,22.9,0.0,14.0,0.0,74958.0,35308.0,2.1,no_additive,0.0,no_additive,0.0,100.0,-1.0,43.0,,43.0,43.0
0.0,0.0,0.0,100.0,8.1,0.0,76.2,0.0,11.0,0.0,4.7,0.0,0.0,0.0,38685.0,77657.0,2.0,no_additive,0.0,no_additive,0.0,100.0,,,,,
0.0,0.0,0.0,100.0,3.5,0.0,38.2,0.0,38.9,0.0,19.4,0.0,0.0,0.0,31388.0,60056.0,1.9,no_additive,0.0,no_additive,0.0,100.0,,,,,
0.0,0.0,0.0,100.1,4.1,0.0,36.9,0.0,34.8,0.0,18.0,0.0,6.3,0.0,13608.0,55685.0,4.1,no_additive,0.0,no_additive,0.0,100.0,,,,,
0.0,0.0,0.0,100.0,0.0,0.0,0.0,0.0,100.0,0.0,0.0,0.0,0.0,0.0,361400.0,248600.0,1.45,no_additive,0.0,no_additive,0.0,100.0,-37.21,72.2,,72.2,72.2
0.0,0.0,0.0,100.0,0.0,0.0,0.0,0.0,15.74,0.0,84.26,0.0,0.0,0.0,155500.0,119400.0,1.3,no_additive,0.0,no_additive,0.0,100.0,-32.49,77.62,,77.62,77.62
0.0,0.0,0.0,100.0,100.0,0.0,0.0,0.0,0.0,0.0,0.0,0.0,0.0,0.0,272000.0,206000.0,1.32,no_additive,0.0,no_additive,0.0,100.0,-28.19,,,,
0.0,0.0,0.0,100.0,0.0,100.0,0.0,0.0,0.0,0.0,0.0,0.0,0.0,0.0,455000.0,252000.0,1.81,no_additive,0.0,no_additive,0.0,100.0,-32.13,,,,
0.0,0.0,0.0,100.0,2.0,0.0,98.0,0.0,0.0,0.0,0.0,0.0,0.0,0.0,180000.0,148000.0,1.22,no_additive,0.0,no_additive,0.0,100.0,-38.38,66.06,,66.06,66.06
89.0,89.0,0.0,11.0,11.0,0.0,0.0,0.0,0.0,0.0,0.0,0.0,0.0,0.0,346000.0,284000.0,1.22,no_additive,0.0,no_additive,0.0,100.0,-1.58,98.62,,98.62,98.62
0.0,0.0,0.0,100.0,7.6,0.0,92.4,0.0,0.0,0.0,0.0,0.0,0.0,0.0,396000.0,216000.0,1.8,no_additive,0.0,no_additive,0.0,100.0,-33.0,61.0,,61.0,61.0
0.0,0.0,0.0,100.0,7.6,0.0,92.4,0.0,0.0,0.0,0.0,0.0,0.0,0.0,396000.0,216000.0,1.8,reinforcment_and_stiffening_modifiers,1.0,no_additive,0.0,99.0,-33.0,61.0,,61.0,61.0
0.0,0.0,0.0,100.0,7.6,0.0,92.4,0.0,0.0,0.0,0.0,0.0,0.0,0.0,396000.0,216000.0,1.8,reinforcment_and_stiffening_modifiers,2.5,no_additive,0.0,97.5,-33.0,61.0,,61.0,61.0
0.0,0.0,0.0,100.0,7.6,0.0,92.4,0.0,0.0,0.0,0.0,0.0,0.0,0.0,396000.0,216000.0,1.8,reinforcment_and_stiffening_modifiers,5.0,no_additive,0.0,95.0,-32.0,60.0,,60.0,60.0
0.0,0.0,0.0,100.0,12.0,0.0,48.0,0.0,31.0,0.0,8.0,0.0,1.0,0.0,30000.0,20000.0,1.5,no_additive,0.0,no_additive,0.0,100.0,-16.0,36.0,6.0,36.0,36.0
0.0,0.0,0.0,100.0,0.0,29.0,0.0,71.0,0.0,0.0,0.0,0.0,0.0,0.0,,,,no_additive,0.0,no_additive,0.0,100.0,-40.1,50.8,,50.8,50.8
2.0,0.0,2.0,98.0,0.0,28.0,0.0,70.0,0.0,0.0,0.0,0.0,0.0,0.0,40000.0,20000.0,2.0,no_additive,0.0,no_additive,0.0,100.0,-40.5,44.4,,44.4,44.4
0.0,0.0,0.0,100.0,0.0,0.0,17.77,0.0,73.05,0.0,0.0,0.0,0.0,0.0,151000.0,81000.0,1.86,no_additive,0.0,no_additive,0.0,100.0,-46.0,54.9,,54.9,54.9
0.0,0.0,0.0,100.0,0.0,0.0,11.58,0.0,70.26,0.0,0.0,0.0,0.0,0.0,124000.0,56000.0,2.1,no_additive,0.0,no_additive,0.0,100.0,-48.4,55.7,,55.7,55.7
0.0,0.0,0.0,100.0,0.0,0.0,11.91,0.0,61.86,0.0,0.0,0.0,0.0,0.0,145000.0,72000.0,2.01,no_additive,0.0,no_additive,0.0,100.0,-46.3,55.0,,55.0,55.0
0.0,0.0,0.0,100.0,6.0,0.0,10.0,0.0,29.0,0.0,43.0,0.0,12.0,0.0,110000.0,73333.33333333333,1.5,no_additive,0.0,no_additive,0.0,100.0,-47.0,43.0,37.0,43.0,43.0
88.0,88.0,0.0,12.0,12.0,0.0,0.0,0.0,0.0,0.0,0.0,0.0,0.0,0.0,440000.0,,,no_additive,0.0,no_additive,0.0,100.0,2.0,110.0,25.0,110.0,110.0
88.0,88.0,0.0,12.0,12.0,0.0,0.0,0.0,0.0,0.0,0.0,0.0,0.0,0.0,440000.0,,,reinforcment_and_stiffening_modifiers,0.5,no_additive,0.0,99.5,,,,,
88.0,88.0,0.0,12.0,12.0,0.0,0.0,0.0,0.0,0.0,0.0,0.0,0.0,0.0,440000.0,,,reinforcment_and_stiffening_modifiers,1.0,no_additive,0.0,99.0,,,,,
88.0,88.0,0.0,12.0,12.0,0.0,0.0,0.0,0.0,0.0,0.0,0.0,0.0,0.0,440000.0,,,reinforcment_and_stiffening_modifiers,2.0,no_additive,0.0,98.0,,,,,
88.0,88.0,0.0,12.0,12.0,0.0,0.0,0.0,0.0,0.0,0.0,0.0,0.0,0.0,440000.0,,,reinforcment_and_stiffening_modifiers,5.0,no_additive,0.0,95.0,,,,,
0.0,0.0,0.0,100.0,8.5,0.0,91.5,0.0,0.0,0.0,0.0,0.0,0.0,0.0,175000.0,76000.0,2.3,no_additive,0.0,no_additive,0.0,100.0,-34.0,58.0,,58.0,58.0
0.0,0.0,0.0,100.0,2.0,0.0,36.6,0.0,61.4,0.0,0.0,0.0,0.0,0.0,206000.0,80000.0,2.4,no_additive,0.0,no_additive,0.0,100.0,-40.0,59.0,,59.0,59.0
0.0,0.0,0.0,100.0,13.8,0.0,86.2,0.0,0.0,0.0,0.0,0.0,0.0,0.0,286000.0,118000.0,2.4,no_additive,0.0,no_additive,0.0,100.0,-33.1,58.1,,58.1,58.1
99.1,99.1,0.0,0.9,0.85,0.0,0.05,0.0,0.0,0.0,0.0,0.0,0.0,0.0,260000.0,140000.0,1.9,no_additive,0.0,no_additive,0.0,100.0,7.0,175.0,,175.0,175.0
96.0,96.0,0.0,4.0,4.0,0.0,0.0,0.0,0.0,0.0,0.0,0.0,0.0,0.0,260000.0,45000.0,5.7,no_additive,0.0,no_additive,0.0,100.0,4.0,149.0,,157.0,165.0
96.0,96.0,0.0,4.0,2.0,0.0,2.0,0.0,0.0,0.0,0.0,0.0,0.0,0.0,170000.0,25000.0,6.9,no_additive,0.0,no_additive,0.0,100.0,-1.0,146.0,,154.5,163.0
5.04,5.04,0.0,94.95,7.75,0.0,25.6,0.0,40.03,0.0,20.89,0.0,0.68,0.0,91000.0,36000.0,2.5,no_additive,0.0,no_additive,0.0,100.0,15.3,112.8,,112.8,112.8
0.2,0.2,0.0,99.8,14.6,0.0,82.0,0.0,1.2,0.0,2.0,0.0,0.0,0.0,85000.0,56666.666666666664,1.5,no_additive,0.0,no_additive,0.0,100.0,-39.0,52.0,30.0,52.0,52.0
0.0,0.0,0.0,100.0,0.0,1.0,0.0,99.0,0.0,0.0,0.0,0.0,0.0,0.0,57000.0,30000.0,1.9,no_additive,0.0,no_additive,0.0,100.0,-41.4,55.3,,55.3,55.3
0.0,0.0,0.0,100.0,0.0,0.0,4.0,0.0,34.0,0.0,62.0,0.0,0.0,0.0,133000.0,75000.0,1.8,no_additive,0.0,no_additive,0.0,100.0,,40.9,26.4,55.25,69.6
0.0,0.0,0.0,100.0,4.0,0.0,54.0,0.0,42.0,0.0,0.0,0.0,0.0,0.0,32000.0,13000.0,2.4,no_additive,0.0,no_additive,0.0,100.0,-45.1,40.6,2.1,40.6,40.6
0.0,0.0,0.0,100.0,7.0,0.0,46.0,0.0,47.0,0.0,0.0,0.0,0.0,0.0,68000.0,36000.0,1.9,no_additive,0.0,no_additive,0.0,100.0,-42.9,45.1,3.4,45.1,45.1
0.0,0.0,0.0,100.0,0.0,0.0,34.0,0.0,66.0,0.0,0.0,0.0,0.0,0.0,62000.0,33000.0,1.9,no_additive,0.0,no_additive,0.0,100.0,-46.7,52.2,2.7,52.2,52.2
0.0,0.0,0.0,100.0,0.0,0.0,2.0,0.0,98.0,0.0,0.0,0.0,0.0,0.0,102000.0,51000.0,2.0,no_additive,0.0,no_additive,0.0,100.0,-47.0,27.5,14.2,46.55,65.6
0.0,0.0,0.0,100.0,0.0,0.0,2.0,0.0,98.0,0.0,0.0,0.0,0.0,0.0,94000.0,45000.0,2.1,reinforcment_and_stiffening_modifiers,0.1,no_additive,0.0,99.9,,19.0,12.0,40.0,61.0
0.0,0.0,0.0,100.0,0.0,0.0,2.0,0.0,98.0,0.0,0.0,0.0,0.0,0.0,104000.0,51000.0,2.1,reinforcment_and_stiffening_modifiers,0.1,reinforcment_and_stiffening_modifiers,0.1,99.8,-44.0,16.0,14.0,39.0,62.0
0.0,0.0,0.0,100.0,0.0,0.0,2.0,0.0,98.0,0.0,0.0,0.0,0.0,0.0,106000.0,54000.0,1.9,reinforcment_and_stiffening_modifiers,0.1,reinforcment_and_stiffening_modifiers,0.2,99.7,-45.0,15.0,16.0,38.5,62.0
0.0,0.0,0.0,100.0,0.0,0.0,2.0,0.0,98.0,0.0,0.0,0.0,0.0,0.0,,,,reinforcment_and_stiffening_modifiers,0.1,reinforcment_and_stiffening_modifiers,0.3,99.6,-42.0,28.0,10.0,46.0,64.0
0.0,0.0,0.0,100.0,0.0,0.0,2.0,0.0,98.0,0.0,0.0,0.0,0.0,0.0,,,,reinforcment_and_stiffening_modifiers,0.3,reinforcment_and_stiffening_modifiers,0.3,99.4,-46.0,25.0,14.0,42.0,59.0
0.0,0.0,0.0,100.0,0.0,0.0,2.0,0.0,98.0,0.0,0.0,0.0,0.0,0.0,,,,reinforcment_and_stiffening_modifiers,0.3,reinforcment_and_stiffening_modifiers,0.5,99.2,-45.0,28.0,1.2,44.5,61.0
0.0,0.0,0.0,100.0,0.0,0.0,2.0,0.0,98.0,0.0,0.0,0.0,0.0,0.0,,,,reinforcment_and_stiffening_modifiers,0.3,reinforcment_and_stiffening_modifiers,0.7,99.0,-44.0,24.0,5.0,24.0,24.0
0.0,0.0,0.0,100.0,7.5,0.0,87.9,0.0,3.3,0.0,0.0,0.0,0.0,0.0,,,,no_additive,0.0,no_additive,0.0,100.0,-37.5,,,,
0.0,0.0,0.0,100.0,7.5,0.0,87.9,0.0,3.3,0.0,0.0,0.0,0.0,0.0,,,,reinforcment_and_stiffening_modifiers,1.5,no_additive,0.0,98.5,-37.5,,,,
0.0,0.0,0.0,100.0,7.5,0.0,87.9,0.0,3.3,0.0,0.0,0.0,0.0,0.0,,,,reinforcment_and_stiffening_modifiers,3.0,no_additive,0.0,97.0,-37.5,,,,
95.1,95.1,0.0,4.9,0.0,3.6,0.0,1.3,0.0,0.0,0.0,0.0,0.0,0.0,,,,no_additive,0.0,no_additive,0.0,100.0,,150.0,,150.0,150.0
0.0,0.0,0.0,100.0,5.28,0.0,92.94,0.0,1.78,0.0,0.0,0.0,0.0,0.0,546400.0,193000.0,2.8310880829015543,no_additive,0.0,no_additive,0.0,100.0,-37.09,47.98,,47.98,47.98
0.0,0.0,0.0,100.0,6.33,0.0,92.67,0.0,1.0,0.0,0.0,0.0,0.0,0.0,666300.0,252600.0,2.637767220902613,no_additive,0.0,no_additive,0.0,100.0,-37.71,48.01,,48.01,48.01
0.0,0.0,0.0,99.99999999999999,5.57,0.0,93.38,0.0,1.05,0.0,0.0,0.0,0.0,0.0,707800.0,273500.0,2.5879341864716636,no_additive,0.0,no_additive,0.0,100.0,-38.27,47.87,,47.87,47.87
0.0,0.0,0.0,100.0,5.73,0.0,93.36,0.0,0.91,0.0,0.0,0.0,0.0,0.0,658900.0,209900.0,3.1391138637446403,no_additive,0.0,no_additive,0.0,100.0,-38.38,47.66,,47.66,47.66
0.0,0.0,0.0,100.0,5.47,0.0,93.35,0.0,1.18,0.0,0.0,0.0,0.0,0.0,807900.0,297400.0,2.7165433759246804,no_additive,0.0,no_additive,0.0,100.0,-38.03,49.74,,49.74,49.74
0.0,0.0,0.0,99.99999999999999,3.44,0.0,47.23,0.0,48.01,0.0,1.32,0.0,0.0,0.0,392400.0,185800.0,2.1119483315392897,no_additive,0.0,no_additive,0.0,100.0,-44.39,53.86,,53.86,53.86
0.0,0.0,0.0,100.0,1.37,0.0,21.49,0.0,77.14,0.0,0.0,0.0,0.0,0.0,707300.0,239000.0,2.9594142259414227,no_additive,0.0,no_additive,0.0,100.0,-45.9,55.65,,55.65,55.65
0.0,0.0,0.0,100.0,0.0,0.0,9.99,0.0,90.01,0.0,0.0,0.0,0.0,0.0,672700.0,272500.0,2.468623853211009,no_additive,0.0,no_additive,0.0,100.0,-46.69,59.32,,59.32,59.32
0.0,0.0,0.0,100.0,0.0,0.0,7.56,0.0,92.44,0.0,0.0,0.0,0.0,0.0,724300.0,260800.0,2.777223926380368,no_additive,0.0,no_additive,0.0,100.0,-45.41,60.2,,60.2,60.2
0.0,0.0,0.0,100.0,0.0,0.0,5.29,0.0,94.71,0.0,0.0,0.0,0.0,0.0,801300.0,267400.0,2.9966342557965593,no_additive,0.0,no_additive,0.0,100.0,-46.26,61.5,,61.5,61.5
0.0,0.0,0.0,100.0,4.79,0.0,45.0,0.0,34.75,0.0,15.46,0.0,0.0,0.0,340600.0,177000.0,1.9242937853107345,no_additive,0.0,no_additive,0.0,100.0,-45.47,52.23,,52.23,52.23
0.0,0.0,0.0,100.0,1.45,0.0,19.7,0.0,39.19,0.0,39.66,0.0,0.0,0.0,404100.0,195400.0,2.0680655066530194,no_additive,0.0,no_additive,0.0,100.0,-45.85,55.74,,55.74,55.74
0.0,0.0,0.0,100.0,0.0,0.0,6.08,0.0,35.32,0.0,58.6,0.0,0.0,0.0,264700.0,147400.0,1.7957937584803256,no_additive,0.0,no_additive,0.0,100.0,-42.42,47.93,,57.245000000000005,66.56
0.0,0.0,0.0,100.0,0.0,0.0,3.7,0.0,31.98,0.0,64.32,0.0,0.0,0.0,241400.0,135300.0,1.7841832963784183,no_additive,0.0,no_additive,0.0,100.0,-42.76,49.31,,58.335,67.36
0.0,0.0,0.0,100.0,0.0,0.0,2.99,0.0,28.34,0.0,68.67,0.0,0.0,0.0,467100.0,196300.0,2.379521141110545,no_additive,0.0,no_additive,0.0,100.0,-42.44,50.67,,59.78,68.89
97.3,97.3,0.0,2.7,2.7,0.0,0.0,0.0,0.0,0.0,0.0,0.0,0.0,0.0,,,,no_additive,0.0,no_additive,0.0,100.0,-2.3,150.8,49.9,150.8,150.8
94.8,94.8,0.0,5.2,5.2,0.0,0.0,0.0,0.0,0.0,0.0,0.0,0.0,0.0,,,,no_additive,0.0,no_additive,0.0,100.0,-2.9,142.0,48.5,142.0,142.0
94.1,94.1,0.0,5.9,5.9,0.0,0.0,0.0,0.0,0.0,0.0,0.0,0.0,0.0,,,,no_additive,0.0,no_additive,0.0,100.0,-2.4,138.9,47.6,138.9,138.9
92.9,92.9,0.0,7.1,7.1,0.0,0.0,0.0,0.0,0.0,0.0,0.0,0.0,0.0,,,,no_additive,0.0,no_additive,0.0,100.0,-2.1,133.5,45.4,133.5,133.5
92.1,92.1,0.0,7.9,7.9,0.0,0.0,0.0,0.0,0.0,0.0,0.0,0.0,0.0,,,,no_additive,0.0,no_additive,0.0,100.0,-2.2,131.1,46.2,131.1,131.1
90.9,90.9,0.0,9.1,9.1,0.0,0.0,0.0,0.0,0.0,0.0,0.0,0.0,0.0,,,,no_additive,0.0,no_additive,0.0,100.0,-3.4,116.4,45.1,116.4,116.4
89.2,89.2,0.0,10.8,10.8,0.0,0.0,0.0,0.0,0.0,0.0,0.0,0.0,0.0,,,,no_additive,0.0,no_additive,0.0,100.0,-4.7,113.5,38.2,113.5,113.5
0.0,0.0,0.0,100.0,0.0,33.3,0.0,66.7,0.0,0.0,0.0,0.0,0.0,0.0,,,,no_additive,0.0,no_additive,0.0,100.0,,52.6,6.1,52.6,52.6
1.9,0.0,1.9,98.1,4.1,24.7,9.8,54.3,5.2,0.0,0.0,0.0,0.0,0.0,,,,no_additive,0.0,no_additive,0.0,100.0,,53.3,10.0,53.3,53.3
0.0,0.0,0.0,100.0,0.0,0.0,0.0,0.0,75.0,0.0,0.0,0.0,0.0,0.0,,87500.0,,no_additive,0.0,no_additive,0.0,100.0,-38.0,50.0,,66.0,82.0
0.0,0.0,0.0,100.0,0.0,0.0,0.0,0.0,75.0,0.0,0.0,0.0,0.0,0.0,,87500.0,,reinforcment_and_stiffening_modifiers,1.2,no_additive,0.0,98.8,-37.0,50.0,,66.0,82.0
100.0,88.0,12.0,0.0,0.0,0.0,0.0,0.0,0.0,0.0,0.0,0.0,0.0,0.0,474000.0,193000.0,2.5,no_additive,0.0,no_additive,0.0,100.0,-1.3,157.0,53.4,163.0,169.0
0.0,0.0,0.0,100.0,0.0,0.0,41.6,0.0,35.9,0.0,22.5,0.0,0.0,0.0,140000.0,66000.0,2.1,no_additive,0.0,no_additive,0.0,100.0,-44.7,,,,
97.0,97.0,0.0,3.0,3.0,0.0,0.0,0.0,0.0,0.0,0.0,0.0,0.0,0.0,,220000.0,,no_additive,0.0,no_additive,0.0,100.0,1.9,166.0,42.0,166.0,166.0
0.0,0.0,0.0,100.0,,0.0,86.0,0.0,,0.0,0.0,0.0,0.0,0.0,,,,reinforcment_and_stiffening_modifiers,50.0,no_additive,0.0,50.0,,,,,
0.0,0.0,0.0,100.0,,0.0,86.0,0.0,,0.0,0.0,0.0,0.0,0.0,,,,reinforcment_and_stiffening_modifiers,35.0,no_additive,0.0,65.0,,,,,
0.0,0.0,0.0,100.0,,0.0,86.0,0.0,,0.0,0.0,0.0,0.0,0.0,,,,reinforcment_and_stiffening_modifiers,20.0,no_additive,0.0,80.0,,,,,
0.0,0.0,0.0,100.0,,0.0,86.0,0.0,,0.0,0.0,0.0,0.0,0.0,,,,reinforcment_and_stiffening_modifiers,10.0,no_additive,0.0,90.0,,,,,
0.0,0.0,0.0,100.0,,0.0,86.0,0.0,,0.0,0.0,0.0,0.0,0.0,,,,no_additive,0.0,no_additive,0.0,100.0,,,,,
0.0,0.0,0.0,100.0,0.0,0.0,100.0,0.0,0.0,0.0,0.0,0.0,0.0,0.0,,,,no_additive,0.0,no_additive,0.0,100.0,-32.9,,37.5,,
0.0,0.0,0.0,100.0,0.0,0.0,100.0,0.0,0.0,0.0,0.0,0.0,0.0,0.0,224000.0,104000.0,2.2,no_additive,0.0,no_additive,0.0,100.0,-42.1,,,,
0.0,0.0,0.0,100.0,0.0,0.0,0.0,0.0,100.0,0.0,0.0,0.0,0.0,0.0,270000.0,111000.0,2.4,no_additive,0.0,no_additive,0.0,100.0,-39.8,57.7,,57.7,57.7
0.0,0.0,0.0,100.0,0.0,0.0,0.0,0.0,0.0,100.0,0.0,0.0,0.0,0.0,233000.0,76000.0,3.1,no_additive,0.0,no_additive,0.0,100.0,-61.6,,,,
0.0,0.0,0.0,100.0,0.0,0.0,0.0,0.0,0.0,0.0,100.0,0.0,0.0,0.0,65000.0,40000.0,1.6,no_additive,0.0,no_additive,0.0,100.0,,71.9,,71.9,71.9
0.0,0.0,0.0,100.1,1.7,0.0,14.7,0.0,27.3,0.0,32.8,0.0,23.6,0.0,111150.0,58500.0,1.9,no_additive,0.0,no_additive,0.0,100.0,-42.6,,43.9,57.1,57.1
0.0,0.0,0.0,100.0,0.9,0.0,10.5,0.0,26.3,0.0,34.7,0.0,27.6,0.0,120259.99999999999,85900.0,1.4,no_additive,0.0,no_additive,0.0,100.0,-42.7,39.8,45.2,51.949999999999996,64.1
0.0,0.0,0.0,100.0,0.9,0.0,12.9,0.0,30.1,0.0,33.8,0.0,22.2,0.0,114900.0,76600.0,1.5,no_additive,0.0,no_additive,0.0,100.0,-42.6,38.8,44.7,50.8,62.8
0.0,0.0,0.0,100.0,1.7,0.0,16.6,0.0,30.7,0.0,30.5,0.0,20.5,0.0,96960.0,60600.0,1.6,no_additive,0.0,no_additive,0.0,100.0,-43.2,38.7,42.2,51.0,63.3
0.0,0.0,0.0,100.0,2.1,0.0,15.7,0.0,28.0,0.0,34.0,0.0,20.2,0.0,56850.0,37900.0,1.5,no_additive,0.0,no_additive,0.0,100.0,-43.7,36.6,44.1,48.85,61.1
0.0,0.0,0.0,100.0,2.0,0.0,18.0,0.0,29.7,0.0,33.7,0.0,16.6,0.0,46620.0,33300.0,1.4,no_additive,0.0,no_additive,0.0,100.0,-42.5,35.7,43.6,47.900000000000006,60.1
0.0,0.0,0.0,99.99999999999999,2.7,0.0,22.1,0.0,32.8,0.0,33.1,0.0,9.3,0.0,43960.0,31400.0,1.4,no_additive,0.0,no_additive,0.0,100.0,-41.9,35.7,43.2,46.400000000000006,57.1
0.0,0.0,0.0,100.0,2.1,0.0,17.9,0.0,32.6,0.0,31.0,0.0,16.3,0.0,23100.0,16500.0,1.4,no_additive,0.0,no_additive,0.0,100.0,-40.1,,37.0,52.8,52.8
0.0,0.0,0.0,99.99999999999999,1.3,0.0,14.1,0.0,29.9,0.0,31.9,0.0,22.8,0.0,74700.0,41500.0,1.8,no_additive,0.0,no_additive,0.0,100.0,-41.0,37.0,45.0,50.8,64.6
0.0,0.0,0.0,100.0,0.4,0.0,6.2,0.0,22.2,0.0,31.0,0.0,40.2,0.0,89000.0,44500.0,2.0,no_additive,0.0,no_additive,0.0,100.0,-38.8,37.8,48.3,56.949999999999996,76.1
0.0,0.0,0.0,100.1,1.2,0.0,15.1,0.0,34.7,0.0,27.0,0.0,22.1,0.0,100500.0,67000.0,1.5,no_additive,0.0,no_additive,0.0,100.0,-42.5,37.5,46.5,52.75,68.0
0.0,0.0,0.0,100.10000000000001,1.6,0.0,17.7,0.0,36.6,0.0,25.0,0.0,19.2,0.0,79390.0,46700.0,1.7,no_additive,0.0,no_additive,0.0,100.0,-41.9,36.9,46.3,51.95,67.0
0.0,0.0,0.0,100.0,1.2,0.0,17.7,0.0,36.3,0.0,26.2,0.0,18.6,0.0,55950.0,37300.0,1.5,no_additive,0.0,no_additive,0.0,100.0,-40.9,35.3,44.1,48.7,62.1
0.0,0.0,0.0,100.0,1.7,0.0,20.4,0.0,38.5,0.0,23.9,0.0,15.5,0.0,31200.0,24000.0,1.3,no_additive,0.0,no_additive,0.0,100.0,-42.8,,42.6,59.6,59.6
0.0,0.0,0.0,99.99999999999999,0.3,0.0,7.7,0.0,30.4,0.0,34.8,0.0,26.8,0.0,60840.0,33800.0,1.8,no_additive,0.0,no_additive,0.0,100.0,-40.5,39.1,46.5,54.349999999999994,69.6
0.0,0.0,0.0,100.1,0.2,0.0,3.8,0.0,21.1,0.0,32.0,0.0,43.0,0.0,67800.0,33900.0,2.0,no_additive,0.0,no_additive,0.0,100.0,-43.7,40.2,50.0,57.050000000000004,73.9
0.0,0.0,0.0,100.10000000000001,0.9,0.0,11.6,0.0,35.9,0.0,34.5,0.0,17.2,0.0,70020.0,38900.0,1.8,no_additive,0.0,no_additive,0.0,100.0,-42.2,37.3,43.7,52.199999999999996,67.1
0.0,0.0,0.0,100.10000000000001,0.3,0.0,10.6,0.0,36.2,0.0,38.6,0.0,14.4,0.0,38560.0,24100.0,1.6,no_additive,0.0,no_additive,0.0,100.0,-41.1,36.5,,50.35,64.2
0.0,0.0,0.0,100.10000000000001,0.5,0.0,13.0,0.0,42.2,0.0,36.1,0.0,8.3,0.0,35190.0,20700.0,1.7,no_additive,0.0,no_additive,0.0,100.0,-42.5,,,63.1,63.1
0.0,0.0,0.0,100.0,1.0,0.0,22.0,0.0,68.0,0.0,5.0,0.0,4.0,0.0,777000.0,370000.0,2.1,reinforcment_and_stiffening_modifiers,48.0,no_additive,0.0,52.0,-48.0,52.0,,113.0,174.0
88.0,88.0,0.0,12.0,12.0,0.0,0.0,0.0,0.0,0.0,0.0,0.0,0.0,0.0,226000.0,200000.0,1.13,no_additive,0.0,no_additive,0.0,100.0,-1.58,95.69,,95.69,95.69
0.0,0.0,0.0,100.0,0.0,100.0,0.0,0.0,0.0,0.0,0.0,0.0,0.0,0.0,455000.0,252000.0,1.81,no_additive,0.0,no_additive,0.0,100.0,-32.13,,,,
0.0,0.0,0.0,100.0,3.0,0.0,97.0,0.0,0.0,0.0,0.0,0.0,0.0,0.0,180000.0,148000.0,1.22,no_additive,0.0,no_additive,0.0,100.0,-38.38,66.06,,66.06,66.06
88.0,88.0,0.0,12.0,12.0,0.0,0.0,0.0,0.0,0.0,0.0,0.0,0.0,0.0,220000.0,202000.0,1.09,no_additive,0.0,no_additive,0.0,100.0,-1.0,151.0,,151.0,151.0
0.0,0.0,0.0,100.0,2.6,0.0,17.8,0.0,23.7,0.0,15.7,0.0,40.2,0.0,100000.0,80000.0,1.25,no_additive,0.0,no_additive,0.0,100.0,-44.0,53.0,,53.0,53.0
0.0,0.0,0.0,100.0,2.2,0.0,15.1,0.0,26.1,0.0,17.6,0.0,39.0,0.0,157000.0,108000.0,1.45,no_additive,0.0,no_additive,0.0,100.0,-43.0,65.0,,65.0,65.0
0.0,0.0,0.0,100.0,2.9,0.0,18.7,0.0,27.4,0.0,19.6,0.0,31.3,0.0,83000.0,46000.0,1.82,no_additive,0.0,no_additive,0.0,100.0,-40.0,58.1,,58.1,58.1
0.0,0.0,0.0,100.0,2.8,0.0,17.9,0.0,24.8,0.0,18.6,0.0,36.0,0.0,80000.0,44000.0,1.81,no_additive,0.0,no_additive,0.0,100.0,-42.0,59.5,,59.5,59.5
0.0,0.0,0.0,100.0,2.0,0.0,14.0,0.0,23.6,0.0,17.4,0.0,43.1,0.0,89000.0,56000.0,1.6,no_additive,0.0,no_additive,0.0,100.0,-40.0,65.9,,65.9,65.9
0.0,0.0,0.0,100.0,2.2,0.0,11.1,0.0,21.6,0.0,16.1,0.0,49.1,0.0,95000.0,67000.0,1.43,no_additive,0.0,no_additive,0.0,100.0,-40.0,66.8,,66.8,66.8
0.0,0.0,0.0,100.0,0.0,0.0,29.0,0.0,35.0,0.0,26.0,0.0,10.0,0.0,127700.0,78500.0,1.6,no_additive,0.0,no_additive,0.0,100.0,-39.0,19.0,5.3,38.0,57.0
0.0,0.0,0.0,100.0,0.0,0.0,0.0,0.0,0.0,0.0,99.0,0.0,0.0,0.0,316400.0,156400.0,2.0,no_additive,0.0,no_additive,0.0,100.0,,45.0,30.1,58.5,72.0
0.0,0.0,0.0,100.0,6.7,0.0,93.3,0.0,0.0,0.0,0.0,0.0,0.0,0.0,230000.0,160000.0,1.46,no_additive,0.0,no_additive,0.0,100.0,-37.8,61.0,,61.0,61.0
0.0,0.0,0.0,100.0,0.0,0.0,8.1,0.0,91.9,0.0,0.0,0.0,0.0,0.0,128000.0,104000.0,1.24,no_additive,0.0,no_additive,0.0,100.0,-42.0,69.4,,69.4,69.4
0.0,0.0,0.0,100.0,0.0,0.0,0.0,0.0,43.7,0.0,56.3,0.0,0.0,0.0,190000.0,125000.0,1.5,no_additive,0.0,no_additive,0.0,100.0,-43.0,74.9,,74.9,74.9
0.0,0.0,0.0,100.0,100.0,0.0,0.0,0.0,0.0,0.0,0.0,0.0,0.0,0.0,,,,no_additive,0.0,no_additive,0.0,100.0,-28.2,,,,
58.0,58.0,0.0,42.0,42.0,0.0,0.0,0.0,0.0,0.0,0.0,0.0,0.0,0.0,202500.0,81000.0,2.5,no_additive,0.0,no_additive,0.0,100.0,-16.14,172.1,,172.1,172.1
79.0,79.0,0.0,21.0,21.0,0.0,0.0,0.0,0.0,0.0,0.0,0.0,0.0,0.0,,,,no_additive,0.0,no_additive,0.0,100.0,-18.1,55.4,,55.4,55.4
0.0,0.0,0.0,100.0,0.0,0.0,100.0,0.0,0.0,0.0,0.0,0.0,0.0,0.0,,,,no_additive,0.0,no_additive,0.0,100.0,,93.19,,93.19,93.19
0.0,0.0,0.0,100.0,0.0,0.0,100.0,0.0,0.0,0.0,0.0,0.0,0.0,0.0,,,,nucleating_agent,1.0,no_additive,0.0,99.0,,93.19,,93.19,93.19
0.0,0.0,0.0,100.0,0.0,0.0,100.0,0.0,0.0,0.0,0.0,0.0,0.0,0.0,,,,nucleating_agent,3.0,no_additive,0.0,97.0,,93.58,,93.58,93.58
0.0,0.0,0.0,100.0,0.0,0.0,100.0,0.0,0.0,0.0,0.0,0.0,0.0,0.0,,,,nucleating_agent,5.0,no_additive,0.0,95.0,,93.97,,93.97,93.97
0.0,0.0,0.0,100.0,0.0,0.0,0.0,0.0,0.0,0.0,0.0,0.0,0.0,0.0,196000.0,59393.9393939394,3.3,no_additive,0.0,no_additive,0.0,100.0,-41.21,51.03,,51.03,51.03
5.0,0.0,5.0,95.0,0.0,0.0,85.0,0.0,5.0,0.0,0.0,0.0,0.0,0.0,160000.0,,,no_additive,0.0,no_additive,0.0,100.0,-36.0,61.0,34.0,61.0,61.0
0.0,0.0,0.0,100.0,0.0,100.0,0.0,0.0,0.0,0.0,0.0,0.0,0.0,0.0,81900.0,63000.0,1.3,no_additive,0.0,no_additive,0.0,100.0,-47.1,,,,
0.0,0.0,0.0,100.0,3.1,0.0,96.9,0.0,0.0,0.0,0.0,0.0,0.0,0.0,120000.0,75000.0,1.6,no_additive,0.0,no_additive,0.0,100.0,-42.9,60.7,61.0,60.7,60.7
0.0,0.0,0.0,100.0,0.0,0.0,0.0,100.0,0.0,0.0,0.0,0.0,0.0,0.0,155200.0,97000.0,1.6,no_additive,0.0,no_additive,0.0,100.0,-42.7,60.2,60.0,60.2,60.2
0.0,0.0,0.0,100.0,0.0,0.0,0.4,0.0,99.6,0.0,0.0,0.0,0.0,0.0,145500.0,97000.0,1.5,no_additive,0.0,no_additive,0.0,100.0,-45.8,77.6,61.0,77.6,77.6
0.0,0.0,0.0,100.0,0.0,0.0,0.0,1.0,0.0,99.0,0.0,0.0,0.0,0.0,142400.0,89000.0,1.6,no_additive,0.0,no_additive,0.0,100.0,-39.5,78.3,61.1,78.3,78.3
0.0,0.0,0.0,100.0,0.0,0.0,0.0,0.0,1.5,0.0,98.5,0.0,0.0,0.0,104000.0,52000.0,2.0,no_additive,0.0,no_additive,0.0,100.0,-49.3,82.4,60.5,82.4,82.4
0.0,0.0,0.0,100.0,0.0,0.0,0.0,0.0,0.0,0.3,0.0,99.7,0.0,0.0,60800.0,38000.0,1.6,no_additive,0.0,no_additive,0.0,100.0,-27.7,86.1,87.3,86.1,86.1
0.0,0.0,0.0,100.0,0.0,0.0,0.0,0.0,1.1,0.0,2.1,0.0,97.4,0.0,40500.0,27000.0,1.5,no_additive,0.0,no_additive,0.0,100.0,-42.9,81.9,80.4,81.9,81.9
0.0,0.0,0.0,100.0,0.0,0.0,0.3,0.0,99.7,0.0,0.0,0.0,0.0,0.0,137000.0,68500.0,2.0,no_additive,0.0,no_additive,0.0,100.0,-45.6,70.3,,70.3,70.3
95.0,95.0,0.0,5.0,5.0,0.0,0.0,0.0,0.0,0.0,0.0,0.0,0.0,0.0,1518000.0,460000.0,3.3,no_additive,0.0,no_additive,0.0,100.0,-3.0,125.0,,134.0,143.0
95.0,95.0,0.0,5.0,5.0,0.0,0.0,0.0,0.0,0.0,0.0,0.0,0.0,0.0,702000.0,270000.0,2.6,no_additive,0.0,no_additive,0.0,100.0,-2.0,127.0,,134.5,142.0
95.0,95.0,0.0,5.0,5.0,0.0,0.0,0.0,0.0,0.0,0.0,0.0,0.0,0.0,1170000.0,390000.0,3.0,no_additive,0.0,no_additive,0.0,100.0,-2.0,129.0,,138.0,147.0
95.0,95.0,0.0,5.0,5.0,0.0,0.0,0.0,0.0,0.0,0.0,0.0,0.0,0.0,1365000.0,350000.0,3.9,no_additive,0.0,no_additive,0.0,100.0,-1.0,137.0,,145.5,154.0
95.0,95.0,0.0,5.0,5.0,0.0,0.0,0.0,0.0,0.0,0.0,0.0,0.0,0.0,924000.0,280000.0,3.3,no_additive,0.0,no_additive,0.0,100.0,-1.0,138.0,,146.5,155.0
0.0,0.0,0.0,100.0,0.0,30.0,0.0,70.0,0.0,0.0,0.0,0.0,0.0,0.0,232500.0,150000.0,1.55,no_additive,0.0,no_additive,0.0,100.0,-45.0,46.0,,46.0,46.0
0.0,0.0,0.0,100.0,0.0,19.0,0.0,81.0,0.0,0.0,0.0,0.0,0.0,0.0,232500.0,150000.0,1.55,no_additive,0.0,no_additive,0.0,100.0,,54.0,,54.0,54.0
0.0,0.0,0.0,100.0,0.0,14.0,0.0,86.0,0.0,0.0,0.0,0.0,0.0,0.0,232500.0,150000.0,1.55,no_additive,0.0,no_additive,0.0,100.0,-47.0,58.0,,58.0,58.0
0.0,0.0,0.0,100.0,0.0,11.0,0.0,89.0,0.0,0.0,0.0,0.0,0.0,0.0,232500.0,150000.0,1.55,no_additive,0.0,no_additive,0.0,100.0,,60.0,,60.0,60.0
0.0,0.0,0.0,100.0,0.0,5.0,0.0,95.0,0.0,0.0,0.0,0.0,0.0,0.0,232500.0,150000.0,1.55,no_additive,0.0,no_additive,0.0,100.0,-48.0,63.0,,63.0,63.0
0.0,0.0,0.0,100.0,12.0,0.0,88.0,0.0,0.0,0.0,0.0,0.0,0.0,0.0,232500.0,150000.0,1.55,no_additive,0.0,no_additive,0.0,100.0,-40.0,54.0,,54.0,54.0
0.0,0.0,0.0,100.0,6.0,0.0,94.0,0.0,0.0,0.0,0.0,0.0,0.0,0.0,232500.0,150000.0,1.55,no_additive,0.0,no_additive,0.0,100.0,,58.0,,58.0,58.0
0.0,0.0,0.0,100.0,4.0,0.0,96.0,0.0,0.0,0.0,0.0,0.0,0.0,0.0,232500.0,150000.0,1.55,no_additive,0.0,no_additive,0.0,100.0,,61.0,,61.0,61.0
0.0,0.0,0.0,100.0,2.0,0.0,98.0,0.0,0.0,0.0,0.0,0.0,0.0,0.0,232500.0,150000.0,1.55,no_additive,0.0,no_additive,0.0,100.0,-42.0,62.0,,62.0,62.0
3.0,3.0,0.0,97.0,0.0,0.0,0.0,0.0,0.0,0.0,0.0,0.0,0.0,0.0,368000.0,160000.0,2.3,no_additive,0.0,no_additive,0.0,100.0,-44.0,42.0,,42.0,42.0
88.0,88.0,0.0,12.0,0.0,0.0,0.0,0.0,0.0,0.0,0.0,0.0,0.0,0.0,488599.99999999994,349000.0,1.4,no_additive,0.0,no_additive,0.0,100.0,-13.0,106.0,,106.0,106.0
94.0,94.0,0.0,6.0,0.0,0.0,0.0,0.0,0.0,0.0,0.0,0.0,0.0,0.0,1391500.0,605000.0,2.3,no_additive,0.0,no_additive,0.0,100.0,-8.0,133.0,,139.5,146.0
97.5,97.5,0.0,2.5,2.5,0.0,0.0,0.0,0.0,0.0,0.0,0.0,0.0,0.0,231000.0,92400.0,2.5,no_additive,0.0,no_additive,0.0,100.0,,145.0,,151.5,158.0
96.0,96.0,0.0,4.0,4.0,0.0,0.0,0.0,0.0,0.0,0.0,0.0,0.0,0.0,170000.0,77272.72727272726,2.2,no_additive,0.0,no_additive,0.0,100.0,,141.0,,147.5,154.0
95.4,95.4,0.0,4.6,4.6,0.0,0.0,0.0,0.0,0.0,0.0,0.0,0.0,0.0,115000.0,54761.904761904756,2.1,no_additive,0.0,no_additive,0.0,100.0,,130.0,,135.5,141.0
94.6,94.6,0.0,5.4,5.4,0.0,0.0,0.0,0.0,0.0,0.0,0.0,0.0,0.0,401000.0,174347.82608695654,2.3,no_additive,0.0,no_additive,0.0,100.0,,129.0,,136.0,143.0
94.1,94.1,0.0,5.9,5.9,0.0,0.0,0.0,0.0,0.0,0.0,0.0,0.0,0.0,665000.0,229310.3448275862,2.9,no_additive,0.0,no_additive,0.0,100.0,,128.0,,134.0,140.0
93.7,93.7,0.0,6.3,6.3,0.0,0.0,0.0,0.0,0.0,0.0,0.0,0.0,0.0,375000.0,150000.0,2.5,no_additive,0.0,no_additive,0.0,100.0,,126.0,,131.0,136.0
93.0,93.0,0.0,7.0,7.0,0.0,0.0,0.0,0.0,0.0,0.0,0.0,0.0,0.0,548000.0,210769.23076923075,2.6,no_additive,0.0,no_additive,0.0,100.0,,125.0,,129.5,134.0
91.6,91.6,0.0,8.4,8.4,0.0,0.0,0.0,0.0,0.0,0.0,0.0,0.0,0.0,427000.0,183261.8025751073,2.33,no_additive,0.0,no_additive,0.0,100.0,,119.0,,124.5,130.0
91.5,91.5,0.0,8.5,8.5,0.0,0.0,0.0,0.0,0.0,0.0,0.0,0.0,0.0,246000.0,106956.52173913045,2.3,no_additive,0.0,no_additive,0.0,100.0,,119.0,,125.0,131.0
91.5,91.5,0.0,8.5,8.5,0.0,0.0,0.0,0.0,0.0,0.0,0.0,0.0,0.0,366000.0,114375.0,3.2,no_additive,0.0,no_additive,0.0,100.0,,118.0,,123.5,129.0
90.5,90.5,0.0,9.5,9.5,0.0,0.0,0.0,0.0,0.0,0.0,0.0,0.0,0.0,543000.0,155142.85714285713,3.5,no_additive,0.0,no_additive,0.0,100.0,,120.0,,124.0,128.0
81.0,81.0,0.0,19.0,19.0,0.0,0.0,0.0,0.0,0.0,0.0,0.0,0.0,0.0,588000.0,319565.2173913043,1.84,no_additive,0.0,no_additive,0.0,100.0,,,,,
74.0,74.0,0.0,26.0,26.0,0.0,0.0,0.0,0.0,0.0,0.0,0.0,0.0,0.0,259000.0,114601.76991150444,2.26,no_additive,0.0,no_additive,0.0,100.0,,,,,
68.0,68.0,0.0,32.0,32.0,0.0,0.0,0.0,0.0,0.0,0.0,0.0,0.0,0.0,437000.0,245505.61797752808,1.78,no_additive,0.0,no_additive,0.0,100.0,,,,,
65.0,65.0,0.0,35.0,35.0,0.0,0.0,0.0,0.0,0.0,0.0,0.0,0.0,0.0,376000.0,229268.29268292684,1.64,no_additive,0.0,no_additive,0.0,100.0,,,,,
90.8,83.1,7.7,9.2,0.0,0.0,0.0,0.0,0.0,0.0,0.0,0.0,0.0,0.0,,,,no_additive,0.0,no_additive,0.0,100.0,-13.5,117.0,,117.0,117.0
50.9,4.4,46.5,49.1,0.0,49.1,0.0,0.0,0.0,0.0,0.0,0.0,0.0,0.0,,,,no_additive,0.0,no_additive,0.0,100.0,-26.4,,,,
79.4,60.9,18.5,20.6,0.0,20.6,0.0,0.0,0.0,0.0,0.0,0.0,0.0,0.0,,,,no_additive,0.0,no_additive,0.0,100.0,,,,,
86.0,72.9,13.1,14.0,0.0,14.0,0.0,0.0,0.0,0.0,0.0,0.0,0.0,0.0,370000.0,127000.0,2.9,no_additive,0.0,no_additive,0.0,100.0,-7.3,,,,
82.19999999999999,69.1,13.1,17.8,0.0,17.8,0.0,0.0,0.0,0.0,0.0,0.0,0.0,0.0,,,,no_additive,0.0,no_additive,0.0,100.0,,,,,
89.3,77.0,12.3,10.7,0.0,10.7,0.0,0.0,0.0,0.0,0.0,0.0,0.0,0.0,,,,no_additive,0.0,no_additive,0.0,100.0,,,,,
84.2,71.5,12.7,15.8,0.0,15.8,0.0,0.0,0.0,0.0,0.0,0.0,0.0,0.0,450000.0,52000.0,8.7,no_additive,0.0,no_additive,0.0,100.0,-23.6,170.6,,170.6,170.6
95.0,95.0,0.0,5.0,5.0,0.0,0.0,0.0,0.0,0.0,0.0,0.0,0.0,0.0,190000.0,100000.0,1.9,no_additive,0.0,no_additive,0.0,100.0,0.0,151.0,42.0,151.0,151.0
90.0,90.0,0.0,10.0,10.0,0.0,0.0,0.0,0.0,0.0,0.0,0.0,0.0,0.0,304000.0,116923.07692307692,2.6,no_additive,0.0,no_additive,0.0,100.0,-1.0,127.0,34.0,127.0,127.0
85.0,85.0,0.0,15.0,15.0,0.0,0.0,0.0,0.0,0.0,0.0,0.0,0.0,0.0,792000.0,214054.05405405405,3.7,no_additive,0.0,no_additive,0.0,100.0,0.0,115.0,26.0,115.0,115.0
83.0,83.0,0.0,17.0,17.0,0.0,0.0,0.0,0.0,0.0,0.0,0.0,0.0,0.0,1122000.0,509999.99999999994,2.2,no_additive,0.0,no_additive,0.0,100.0,-2.0,120.0,26.0,120.0,120.0
81.0,81.0,0.0,19.0,19.0,0.0,0.0,0.0,0.0,0.0,0.0,0.0,0.0,0.0,332000.0,40000.0,8.3,no_additive,0.0,no_additive,0.0,100.0,-4.0,111.0,22.0,111.0,111.0
75.0,75.0,0.0,25.0,25.0,0.0,0.0,0.0,0.0,0.0,0.0,0.0,0.0,0.0,742000.0,212000.0,3.5,no_additive,0.0,no_additive,0.0,100.0,-4.0,52.0,18.0,52.0,52.0
44.0,44.0,0.0,53.0,5.0,0.0,21.0,0.0,25.0,0.0,2.0,0.0,0.0,0.0,176000.0,40000.0,4.4,no_additive,0.0,no_additive,0.0,100.0,-43.0,,,,
0.0,0.0,0.0,100.0,14.9,0.0,51.6,0.0,26.0,0.0,7.5,0.0,0.0,0.0,100000.0,80000.0,1.25,no_additive,0.0,no_additive,0.0,100.0,-44.0,53.0,,53.0,53.0
0.0,0.0,0.0,100.0,4.4,0.0,31.9,0.0,28.0,0.0,35.7,0.0,0.0,0.0,134000.0,95000.0,1.41,no_additive,0.0,no_additive,0.0,100.0,-45.0,58.0,,58.0,58.0
0.0,0.0,0.0,100.0,3.0,0.0,22.9,0.0,33.2,0.0,40.9,0.0,0.0,0.0,157000.0,108000.0,1.45,no_additive,0.0,no_additive,0.0,100.0,-43.0,65.0,,65.0,65.0
0.0,0.0,0.0,100.0,100.0,0.0,0.0,0.0,0.0,0.0,0.0,0.0,0.0,0.0,193600.00000000003,88000.0,2.2,no_additive,0.0,no_additive,0.0,100.0,-28.0,59.0,,59.0,59.0
0.0,0.0,0.0,100.0,0.0,100.0,0.0,0.0,0.0,0.0,0.0,0.0,0.0,0.0,178200.0,99000.0,1.8,no_additive,0.0,no_additive,0.0,100.0,-38.0,45.0,,45.0,45.0
0.0,0.0,0.0,100.0,0.9,0.0,99.1,0.0,0.0,0.0,0.0,0.0,0.0,0.0,160800.0,67000.0,2.4,no_additive,0.0,no_additive,0.0,100.0,-47.0,48.0,,48.0,48.0
0.0,0.0,0.0,100.0,0.0,0.6,0.0,99.4,0.0,0.0,0.0,0.0,0.0,0.0,134000.0,67000.0,2.0,no_additive,0.0,no_additive,0.0,100.0,-50.0,49.0,,49.0,49.0
0.0,0.0,0.0,100.0,0.0,0.0,0.4,0.0,99.6,0.0,0.0,0.0,0.0,0.0,138000.0,69000.0,2.0,no_additive,0.0,no_additive,0.0,100.0,-53.0,29.0,,47.5,66.0
0.0,0.0,0.0,100.0,0.0,0.0,0.0,2.2,0.0,97.8,0.0,0.0,0.0,0.0,95200.0,56000.0,1.7,no_additive,0.0,no_additive,0.0,100.0,,26.0,,46.0,66.0
0.0,0.0,0.0,100.0,0.0,0.0,0.0,0.0,4.2,0.0,95.8,0.0,0.0,0.0,91800.0,51000.0,1.8,no_additive,0.0,no_additive,0.0,100.0,,39.0,,54.0,69.0
0.0,0.0,0.0,100.0,0.0,0.0,0.4,0.0,99.6,0.0,0.0,0.0,0.0,0.0,48000.0,21818.181818181816,2.2,no_additive,0.0,no_additive,0.0,100.0,-46.0,70.0,,70.0,70.0
0.0,0.0,0.0,100.0,0.0,0.0,0.0,0.0,1.2,0.0,98.8,0.0,0.0,0.0,71000.0,39444.444444444445,1.8,no_additive,0.0,no_additive,0.0,100.0,,82.0,,82.0,82.0
0.0,0.0,0.0,99.99999999999999,0.0,0.0,7.9,0.0,7.2,0.0,74.1,0.0,10.8,0.0,48000.0,28235.29411764706,1.7,no_additive,0.0,no_additive,0.0,100.0,,76.0,,76.0,76.0
0.0,0.0,0.0,100.0,0.0,0.0,1.1,0.0,2.9,0.0,84.9,0.0,11.1,0.0,53000.0,31176.470588235294,1.7,no_additive,0.0,no_additive,0.0,100.0,,77.0,,77.0,77.0
0.0,0.0,0.0,101.0,14.0,0.0,43.0,0.0,32.0,0.0,12.0,0.0,0.0,0.0,30000.0,20000.0,1.5,no_additive,0.0,no_additive,0.0,100.0,-14.2,25.2,1.0,25.2,25.2
0.0,0.0,0.0,100.0,11.0,0.0,43.0,0.0,33.0,0.0,12.0,0.0,0.0,0.0,40000.0,30000.0,1.3,no_additive,0.0,no_additive,0.0,100.0,-28.9,43.3,7.0,43.3,43.3
0.0,0.0,0.0,100.0,19.0,0.0,44.0,0.0,28.0,0.0,9.0,0.0,0.0,0.0,30000.0,20000.0,1.5,no_additive,0.0,no_additive,0.0,100.0,-15.8,35.6,6.0,35.6,35.6
48.0,46.0,2.0,52.0,4.0,0.0,22.0,1.0,20.0,0.0,4.0,0.0,0.0,0.0,,,,no_additive,0.0,no_additive,0.0,100.0,3.0,152.0,12.0,152.0,152.0
0.0,0.0,0.0,100.0,0.0,0.0,100.0,0.0,0.0,0.0,0.0,0.0,0.0,0.0,,,,no_additive,0.0,no_additive,0.0,100.0,,52.0,51.6,52.0,52.0
0.0,0.0,0.0,100.0,0.0,0.0,100.0,0.0,0.0,0.0,0.0,0.0,0.0,0.0,,,,biofunctional_and_enviromental_additives,0.2,no_additive,0.0,99.8,,50.8,49.3,50.8,50.8
0.0,0.0,0.0,100.0,0.0,0.0,100.0,0.0,0.0,0.0,0.0,0.0,0.0,0.0,,,,biofunctional_and_enviromental_additives,0.5,no_additive,0.0,99.5,,51.1,47.3,51.1,51.1
0.0,0.0,0.0,100.0,0.0,0.0,100.0,0.0,0.0,0.0,0.0,0.0,0.0,0.0,,,,biofunctional_and_enviromental_additives,1.0,no_additive,0.0,99.0,,50.4,45.1,50.4,50.4
0.0,0.0,0.0,100.00999999999999,0.68,0.0,7.76,0.0,49.18,0.0,4.89,0.0,37.5,0.0,,,,no_additive,0.0,no_additive,0.0,100.0,-13.7,44.15,5.6,44.15,44.15
0.0,0.0,0.0,100.0,0.0,0.0,0.0,0.0,0.0,0.0,0.0,0.0,0.0,0.0,15038.0,3298.0,4.56,no_additive,0.0,no_additive,0.0,100.0,-38.38,64.67,,64.67,64.67
0.0,0.0,0.0,100.0,0.0,0.0,0.0,0.0,0.0,0.0,0.0,0.0,0.0,0.0,13265.0,4965.0,2.67,no_additive,0.0,no_additive,0.0,100.0,-34.08,62.73,,62.73,62.73
0.0,0.0,0.0,100.0,0.0,0.0,0.0,0.0,0.0,0.0,0.0,0.0,0.0,0.0,13799.0,5480.0,2.52,no_additive,0.0,no_additive,0.0,100.0,-40.9,64.83,,64.83,64.83
0.0,0.0,0.0,100.0,0.0,0.0,0.0,0.0,0.0,0.0,0.0,0.0,0.0,0.0,19982.0,7675.0,2.6,no_additive,0.0,no_additive,0.0,100.0,-36.69,63.94,,63.94,63.94
0.0,0.0,0.0,100.0,3.0,0.0,34.0,0.0,63.0,0.0,0.0,0.0,0.0,0.0,79000.0,34347.82608695653,2.3,no_additive,0.0,no_additive,0.0,100.0,-46.2,52.3,17.3,52.3,52.3
0.0,0.0,0.0,100.0,0.7,0.0,24.3,0.0,75.0,0.0,0.0,0.0,0.0,0.0,224000.0,124444.44444444444,1.8,no_additive,0.0,no_additive,0.0,100.0,-46.2,49.6,16.0,51.05,52.5
0.0,0.0,0.0,100.0,0.9,0.0,28.0,0.0,71.1,0.0,0.0,0.0,0.0,0.0,97000.0,64666.666666666664,1.5,no_additive,0.0,no_additive,0.0,100.0,-47.0,48.7,15.6,50.6,52.5
0.0,0.0,0.0,100.0,2.5,0.0,30.5,0.0,67.0,0.0,0.0,0.0,0.0,0.0,62000.0,38750.0,1.6,no_additive,0.0,no_additive,0.0,100.0,-47.7,48.9,14.0,48.9,48.9
0.0,0.0,0.0,100.0,1.0,0.0,32.0,0.0,67.0,0.0,0.0,0.0,0.0,0.0,39000.0,24375.0,1.6,no_additive,0.0,no_additive,0.0,100.0,-44.6,46.7,15.3,46.7,46.7
0.0,0.0,0.0,100.0,0.0,0.0,9.4,0.0,47.8,0.0,15.3,0.0,1.0,26.2,38800.0,24250.0,1.6,no_additive,0.0,no_additive,0.0,100.0,-60.5,,,,
0.0,0.0,0.0,100.0,0.0,0.6,27.8,1.1,33.2,0.0,14.8,0.0,1.0,18.5,37100.0,23187.5,1.6,no_additive,0.0,no_additive,0.0,100.0,-56.3,,,,
,,,,,,,,,,,,,,,,,no_additive,0.0,no_additive,0.0,,,,,,
0.0,0.0,0.0,100.10000000000001,0.7,0.0,10.0,0.0,78.2,0.0,10.5,0.0,0.7,0.0,71100.0,42500.0,1.67,no_additive,0.0,no_additive,0.0,100.0,-48.0,49.0,13.0,49.0,49.0
0.0,0.0,0.0,100.0,9.0,0.0,89.0,0.0,0.0,0.0,0.0,0.0,0.0,0.0,,,,no_additive,0.0,no_additive,0.0,100.0,-37.4,,9.8,,
0.0,0.0,0.0,100.0,9.0,0.0,89.0,0.0,0.0,0.0,0.0,0.0,0.0,0.0,,,,biofunctional_and_enviromental_additives,1.0,no_additive,0.0,99.0,-37.5,,11.1,,
0.0,0.0,0.0,100.0,9.0,0.0,89.0,0.0,0.0,0.0,0.0,0.0,0.0,0.0,,,,biofunctional_and_enviromental_additives,2.0,no_additive,0.0,98.0,-37.2,,10.2,,
0.0,0.0,0.0,100.0,9.0,0.0,89.0,0.0,0.0,0.0,0.0,0.0,0.0,0.0,,,,biofunctional_and_enviromental_additives,4.0,no_additive,0.0,96.0,-36.3,,10.4,,
0.0,0.0,0.0,100.0,9.0,0.0,89.0,0.0,0.0,0.0,0.0,0.0,0.0,0.0,,,,biofunctional_and_enviromental_additives,1.0,no_additive,0.0,99.0,-37.5,,14.6,,
0.0,0.0,0.0,100.0,9.0,0.0,89.0,0.0,0.0,0.0,0.0,0.0,0.0,0.0,,,,biofunctional_and_enviromental_additives,2.0,no_additive,0.0,98.0,-36.9,,12.8,,
0.0,0.0,0.0,100.0,9.0,0.0,89.0,0.0,0.0,0.0,0.0,0.0,0.0,0.0,,,,biofunctional_and_enviromental_additives,4.0,no_additive,0.0,96.0,-37.5,,12.9,,
0.0,0.0,0.0,100.0,9.0,0.0,89.0,0.0,0.0,0.0,0.0,0.0,0.0,0.0,,,,biofunctional_and_enviromental_additives,1.0,no_additive,0.0,99.0,-47.1,,11.1,,
0.0,0.0,0.0,100.0,9.0,0.0,89.0,0.0,0.0,0.0,0.0,0.0,0.0,0.0,,,,biofunctional_and_enviromental_additives,2.0,no_additive,0.0,98.0,-50.9,,11.1,,
0.0,0.0,0.0,100.0,9.0,0.0,89.0,0.0,0.0,0.0,0.0,0.0,0.0,0.0,,,,biofunctional_and_enviromental_additives,4.0,no_additive,0.0,96.0,-54.3,,11.3,,
0.0,0.0,0.0,100.0,9.0,0.0,89.0,0.0,0.0,0.0,0.0,0.0,0.0,0.0,,,,biofunctional_and_enviromental_additives,1.0,no_additive,0.0,99.0,-38.7,,14.3,,
0.0,0.0,0.0,100.0,9.0,0.0,89.0,0.0,0.0,0.0,0.0,0.0,0.0,0.0,,,,biofunctional_and_enviromental_additives,2.0,no_additive,0.0,98.0,-40.8,,12.6,,
0.0,0.0,0.0,100.0,9.0,0.0,89.0,0.0,0.0,0.0,0.0,0.0,0.0,0.0,,,,biofunctional_and_enviromental_additives,4.0,no_additive,0.0,96.0,-40.1,,12.9,,
0.0,0.0,0.0,100.0,2.0,0.0,37.3,0.0,60.7,0.0,0.0,0.0,0.0,0.0,536000.0,253000.0,2.12,no_additive,0.0,no_additive,0.0,100.0,-52.0,,,,
90.0,90.0,0.0,10.0,10.0,0.0,0.0,0.0,0.0,0.0,0.0,0.0,0.0,0.0,,122000.0,,no_additive,0.0,no_additive,0.0,100.0,-0.3,112.9,21.4,126.3,139.7
90.0,90.0,0.0,10.0,10.0,0.0,0.0,0.0,0.0,0.0,0.0,0.0,0.0,0.0,,122000.0,,reinforcment_and_stiffening_modifiers,2.5,no_additive,0.0,97.5,-0.2,113.6,24.3,127.25,140.9
90.0,90.0,0.0,10.0,10.0,0.0,0.0,0.0,0.0,0.0,0.0,0.0,0.0,0.0,,122000.0,,reinforcment_and_stiffening_modifiers,5.0,no_additive,0.0,95.0,-0.4,113.8,28.9,126.6,139.4
90.0,90.0,0.0,10.0,10.0,0.0,0.0,0.0,0.0,0.0,0.0,0.0,0.0,0.0,,122000.0,,reinforcment_and_stiffening_modifiers,10.0,no_additive,0.0,90.0,-0.4,114.3,24.7,126.65,139.0
90.0,90.0,0.0,10.0,10.0,0.0,0.0,0.0,0.0,0.0,0.0,0.0,0.0,0.0,,122000.0,,reinforcment_and_stiffening_modifiers,20.0,no_additive,0.0,80.0,-0.3,113.4,24.8,126.25,139.1
0.0,0.0,0.0,100.0,0.0,0.0,100.0,0.0,0.0,0.0,0.0,0.0,0.0,0.0,469000.0,266000.0,1.76,no_additive,0.0,no_additive,0.0,100.0,-36.18,48.31,,48.31,48.31
0.0,0.0,0.0,100.0,0.0,0.0,100.0,0.0,0.0,0.0,0.0,0.0,0.0,0.0,225000.0,122000.0,1.84,no_additive,0.0,no_additive,0.0,100.0,-35.46,48.45,37.5,48.45,48.45
0.0,0.0,0.0,100.0,0.0,0.0,100.0,0.0,0.0,0.0,0.0,0.0,0.0,0.0,585000.0,283000.0,2.06,no_additive,0.0,no_additive,0.0,100.0,-34.51,49.46,,49.46,49.46
0.0,0.0,0.0,100.0,0.0,0.0,100.0,0.0,0.0,0.0,0.0,0.0,0.0,0.0,463000.0,210000.0,2.2,no_additive,0.0,no_additive,0.0,100.0,-35.81,39.21,,39.21,39.21
0.0,0.0,0.0,100.0,0.0,0.0,100.0,0.0,0.0,0.0,0.0,0.0,0.0,0.0,598000.0,264000.0,2.26,no_additive,0.0,no_additive,0.0,100.0,,47.99,,47.99,47.99
0.0,0.0,0.0,100.0,4.0,0.0,37.0,0.0,38.0,0.0,21.0,0.0,0.0,0.0,,,,no_additive,0.0,no_additive,0.0,100.0,,52.7,,52.7,52.7
95.4,95.4,0.0,4.6,0.0,0.0,0.0,0.0,4.6,0.0,0.0,0.0,0.0,0.0,,,,no_additive,0.0,no_additive,0.0,100.0,-50.0,79.8,,79.8,79.8
92.4,92.4,0.0,7.6000000000000005,1.4,0.0,4.1,0.0,1.2,0.0,0.9,0.0,0.0,0.0,195000.0,124000.0,1.58,no_additive,0.0,no_additive,0.0,100.0,-1.0,151.0,,151.0,151.0
81.6,81.6,0.0,18.4,2.2,0.0,11.8,0.0,2.5,0.0,1.9,0.0,0.0,0.0,157000.0,94000.0,1.67,no_additive,0.0,no_additive,0.0,100.0,-2.0,141.0,,141.0,141.0
73.3,73.3,0.0,26.7,3.4,0.0,20.8,0.0,2.5,0.0,,0.0,0.0,0.0,124000.0,81000.0,1.54,no_additive,0.0,no_additive,0.0,100.0,-3.0,139.0,,139.0,139.0
62.6,62.6,0.0,37.4,3.9,0.0,31.0,0.0,1.1,0.0,1.4,0.0,0.0,0.0,105000.0,76000.0,1.39,no_additive,0.0,no_additive,0.0,100.0,-6.0,138.0,,138.0,138.0
54.9,54.9,0.0,45.10000000000001,5.7,0.0,35.2,0.0,2.2,0.0,2.0,0.0,0.0,0.0,117000.0,75000.0,1.55,no_additive,0.0,no_additive,0.0,100.0,-7.0,134.0,,134.0,134.0
37.6,37.6,0.0,62.39999999999999,6.8,0.0,52.3,0.0,1.8,0.0,1.5,0.0,0.0,0.0,157000.0,100000.0,1.57,no_additive,0.0,no_additive,0.0,100.0,-24.0,,,,
93.37,93.37,0.0,6.63,1.44,0.0,4.48,0.0,0.49,0.0,0.22,0.0,0.0,0.0,343000.0,192000.0,1.8,no_additive,0.0,no_additive,0.0,100.0,-1.0,154.0,,154.0,154.0
89.0,89.0,0.0,11.1,1.84,0.0,8.48,0.0,0.45,0.0,0.23,0.0,0.0,0.0,315000.0,169000.0,1.9,no_additive,0.0,no_additive,0.0,100.0,-1.0,152.0,,152.0,152.0
85.17,85.17,0.0,14.83,2.86,0.0,10.99,0.0,0.67,0.0,0.31,0.0,0.0,0.0,285000.0,156000.0,1.8,no_additive,0.0,no_additive,0.0,100.0,-2.0,148.0,,148.0,148.0
80.23,80.23,0.0,19.77,4.02,0.0,14.58,0.0,0.85,0.0,0.32,0.0,0.0,0.0,272000.0,143000.0,1.9,no_additive,0.0,no_additive,0.0,100.0,-2.0,145.0,,145.0,145.0
71.41,71.41,0.0,28.59,5.58,0.0,21.52,0.0,1.01,0.0,0.48,0.0,0.0,0.0,238000.0,132000.0,1.8,no_additive,0.0,no_additive,0.0,100.0,-4.0,139.0,,139.0,139.0
82.19,82.19,0.0,17.81,3.21,0.0,12.87,0.0,1.21,0.0,0.52,0.0,0.0,0.0,152000.0,93000.0,1.6,no_additive,0.0,no_additive,0.0,100.0,-2.0,142.0,,142.0,142.0
75.21,75.21,0.0,24.79,4.63,0.0,17.87,0.0,1.51,0.0,0.78,0.0,0.0,0.0,122000.0,83000.0,1.5,no_additive,0.0,no_additive,0.0,100.0,-3.0,139.0,,139.0,139.0
62.31,62.31,0.0,37.69,5.09,0.0,30.1,0.0,1.79,0.0,0.71,0.0,0.0,0.0,117000.0,78000.0,1.5,no_additive,0.0,no_additive,0.0,100.0,-6.0,138.0,,138.0,138.0
56.35,56.35,0.0,43.65,6.07,0.0,34.92,0.0,1.99,0.0,0.67,0.0,0.0,0.0,111000.0,75000.0,1.5,no_additive,0.0,no_additive,0.0,100.0,-7.0,134.0,,134.0,134.0
39.38,39.38,0.0,60.62,7.89,0.0,49.87,0.0,2.02,0.0,0.84,0.0,0.0,0.0,103000.0,73000.0,1.4,no_additive,0.0,no_additive,0.0,100.0,-22.0,,,,
88.0,88.0,0.0,12.0,0.0,0.0,0.0,0.0,0.0,0.0,0.0,0.0,0.0,0.0,,,,no_additive,0.0,no_additive,0.0,100.0,-5.2,171.6,,171.6,171.6
75.0,75.0,0.0,25.0,0.0,0.0,0.0,0.0,0.0,0.0,0.0,0.0,0.0,0.0,,,,no_additive,0.0,no_additive,0.0,100.0,-5.9,169.1,,169.1,169.1
67.0,67.0,0.0,33.0,0.0,0.0,0.0,0.0,0.0,0.0,0.0,0.0,0.0,0.0,,,,no_additive,0.0,no_additive,0.0,100.0,-7.2,168.0,,168.0,168.0
55.0,55.0,0.0,45.0,0.0,0.0,0.0,0.0,0.0,0.0,0.0,0.0,0.0,0.0,,,,no_additive,0.0,no_additive,0.0,100.0,-33.5,,,,
37.0,37.0,0.0,63.0,7.8,0.0,25.9,0.0,21.7,0.0,10.6,0.0,1.2,0.0,,,,no_additive,0.0,no_additive,0.0,100.0,-36.6,,,,
0.0,0.0,0.0,100.0,10.0,0.0,30.0,0.0,20.0,0.0,20.0,0.0,0.0,0.0,595000.0,499000.0,1.1923847695390781,no_additive,0.0,no_additive,0.0,100.0,-20.7,,,,
0.0,0.0,0.0,100.0,1.0,0.0,27.0,0.0,53.0,0.0,5.0,0.0,0.0,13.0,472500.0,225000.0,2.1,no_additive,0.0,no_additive,0.0,100.0,-44.0,46.0,,46.0,46.0
0.0,0.0,0.0,100.0,4.0,0.0,27.0,0.0,43.0,0.0,18.0,0.0,3.0,5.0,371790.0,153000.0,2.43,no_additive,0.0,no_additive,0.0,100.0,-44.0,43.0,,43.0,43.0
0.0,0.0,0.0,100.0,2.0,0.0,19.0,0.0,48.0,0.0,18.0,0.0,4.0,9.0,571380.0,178000.0,3.21,no_additive,0.0,no_additive,0.0,100.0,-43.0,44.0,,44.0,44.0
95.0,95.0,0.0,5.0,5.0,0.0,0.0,0.0,0.0,0.0,0.0,0.0,0.0,0.0,1300000.0,361111.1111111111,3.6,no_additive,0.0,no_additive,0.0,100.0,,,68.0,,
95.0,95.0,0.0,5.0,5.0,0.0,0.0,0.0,0.0,0.0,0.0,0.0,0.0,0.0,1200000.0,333333.3333333333,3.6,no_additive,0.0,no_additive,0.0,100.0,,,65.0,,
95.0,95.0,0.0,5.0,5.0,0.0,0.0,0.0,0.0,0.0,0.0,0.0,0.0,0.0,1200000.0,387096.77419354836,3.1,no_additive,0.0,no_additive,0.0,100.0,,,63.0,,
95.0,95.0,0.0,5.0,5.0,0.0,0.0,0.0,0.0,0.0,0.0,0.0,0.0,0.0,1100000.0,255813.9534883721,4.3,no_additive,0.0,no_additive,0.0,100.0,,,61.0,,
95.0,95.0,0.0,5.0,5.0,0.0,0.0,0.0,0.0,0.0,0.0,0.0,0.0,0.0,1300000.0,302325.5813953488,4.3,no_additive,0.0,no_additive,0.0,100.0,,,70.0,,
88.0,88.0,0.0,12.0,12.0,0.0,0.0,0.0,0.0,0.0,0.0,0.0,0.0,0.0,440000.0,210000.0,2.03,no_additive,0.0,no_additive,0.0,100.0,-1.22,96.23,,96.23,96.23
88.3,75.2,13.1,11.7,11.7,0.0,0.0,0.0,0.0,0.0,0.0,0.0,0.0,0.0,944000.0,336000.0,2.81,no_additive,0.0,no_additive,0.0,100.0,-1.89,101.3,,101.3,101.3
86.89999999999999,66.1,20.8,13.1,13.1,0.0,0.0,0.0,0.0,0.0,0.0,0.0,0.0,0.0,1267000.0,551000.0,2.3,no_additive,0.0,no_additive,0.0,100.0,-3.59,68.5,,68.5,68.5
79.8,67.2,12.6,20.2,20.2,0.0,0.0,0.0,0.0,0.0,0.0,0.0,0.0,0.0,809000.0,366000.0,2.21,no_additive,0.0,no_additive,0.0,100.0,-6.35,58.2,,58.2,58.2
84.3,61.0,23.3,15.7,15.7,0.0,0.0,0.0,0.0,0.0,0.0,0.0,0.0,0.0,740000.0,432000.0,1.84,no_additive,0.0,no_additive,0.0,100.0,-9.65,,,,
77.1,57.2,19.9,22.9,22.9,0.0,0.0,0.0,0.0,0.0,0.0,0.0,0.0,0.0,750000.0,409000.0,2.09,no_additive,0.0,no_additive,0.0,100.0,-12.48,,,,
71.7,47.9,23.8,28.3,28.3,0.0,0.0,0.0,0.0,0.0,0.0,0.0,0.0,0.0,942000.0,451000.0,1.71,no_additive,0.0,no_additive,0.0,100.0,-5.14,54.2,,54.2,54.2
89.7,78.8,10.9,10.3,10.3,0.0,0.0,0.0,0.0,0.0,0.0,0.0,0.0,0.0,,,,no_additive,0.0,no_additive,0.0,100.0,,,,,
89.6,72.8,16.8,10.4,10.4,0.0,0.0,0.0,0.0,0.0,0.0,0.0,0.0,0.0,,,,no_additive,0.0,no_additive,0.0,100.0,,,,,
85.39999999999999,72.1,13.3,14.6,14.6,0.0,0.0,0.0,0.0,0.0,0.0,0.0,0.0,0.0,,,,no_additive,0.0,no_additive,0.0,100.0,,,,,
80.9,55.2,25.7,19.1,19.1,0.0,0.0,0.0,0.0,0.0,0.0,0.0,0.0,0.0,,,,no_additive,0.0,no_additive,0.0,100.0,,,,,
88.0,88.0,0.0,12.0,12.0,0.0,0.0,0.0,0.0,0.0,0.0,0.0,0.0,0.0,440000.0,210000.0,2.03,no_additive,0.0,no_additive,0.0,100.0,-1.75,,,,
78.0,73.7,0.0,22.0,22.0,0.0,0.0,0.0,0.0,0.0,0.0,0.0,0.0,0.0,666000.0,442000.0,1.5,no_additive,0.0,no_additive,0.0,100.0,-9.34,,,,
78.89999999999999,73.8,0.0,21.2,21.2,0.0,0.0,0.0,0.0,0.0,0.0,0.0,0.0,0.0,615000.0,341000.0,1.8,no_additive,0.0,no_additive,0.0,100.0,-8.89,94.0,,94.0,94.0
80.5,73.9,0.0,19.5,19.5,0.0,0.0,0.0,0.0,0.0,0.0,0.0,0.0,0.0,761000.0,554000.0,1.37,no_additive,0.0,no_additive,0.0,100.0,-7.62,,,,
81.39999999999999,73.8,0.0,18.6,18.6,0.0,0.0,0.0,0.0,0.0,0.0,0.0,0.0,0.0,754000.0,529000.0,1.42,no_additive,0.0,no_additive,0.0,100.0,-11.7,,,,
82.4,73.9,0.0,17.6,17.6,0.0,0.0,0.0,0.0,0.0,0.0,0.0,0.0,0.0,699000.0,493000.0,1.41,no_additive,0.0,no_additive,0.0,100.0,-9.2,,,,
86.2,86.2,0.0,13.8,13.8,0.0,0.0,0.0,0.0,0.0,0.0,0.0,0.0,0.0,572849.9999999999,285000.0,2.01,no_additive,0.0,no_additive,0.0,100.0,1.1,110.7,,110.7,110.7
90.8,90.8,0.0,9.2,9.2,0.0,0.0,0.0,0.0,0.0,0.0,0.0,0.0,0.0,604750.0,295000.0,2.05,no_additive,0.0,no_additive,0.0,100.0,2.5,130.3,,130.3,130.3
89.9,89.9,0.0,10.1,10.1,0.0,0.0,0.0,0.0,0.0,0.0,0.0,0.0,0.0,731010.0,413000.0,1.77,no_additive,0.0,no_additive,0.0,100.0,4.4,125.9,,125.9,125.9
87.7,87.7,0.0,12.3,12.3,0.0,0.0,0.0,0.0,0.0,0.0,0.0,0.0,0.0,767520.0,533000.0,1.44,no_additive,0.0,no_additive,0.0,100.0,4.7,118.5,,118.5,118.5
85.7,85.7,0.0,14.3,14.3,0.0,0.0,0.0,0.0,0.0,0.0,0.0,0.0,0.0,578500.0,445000.0,1.3,no_additive,0.0,no_additive,0.0,100.0,3.5,111.0,,111.0,111.0
86.1,86.1,0.0,13.9,13.9,0.0,0.0,0.0,0.0,0.0,0.0,0.0,0.0,0.0,368440.0,244000.0,1.51,no_additive,0.0,no_additive,0.0,100.0,3.3,106.9,,106.9,106.9
86.2,86.2,0.0,13.8,13.8,0.0,0.0,0.0,0.0,0.0,0.0,0.0,0.0,0.0,242820.0,171000.0,1.42,no_additive,0.0,no_additive,0.0,100.0,3.0,109.4,,109.4,109.4
85.1,85.1,0.0,14.9,14.9,0.0,0.0,0.0,0.0,0.0,0.0,0.0,0.0,0.0,176900.0,122000.0,1.45,no_additive,0.0,no_additive,0.0,100.0,3.0,107.5,,107.5,107.5
85.3,85.3,0.0,14.7,14.7,0.0,0.0,0.0,0.0,0.0,0.0,0.0,0.0,0.0,154000.0,100000.0,1.54,no_additive,0.0,no_additive,0.0,100.0,2.9,107.0,,107.0,107.0
82.9,82.9,0.0,17.1,17.1,0.0,0.0,0.0,0.0,0.0,0.0,0.0,0.0,0.0,131200.0,80000.0,1.64,no_additive,0.0,no_additive,0.0,100.0,2.8,105.6,,105.6,105.6
46.0,46.0,0.0,54.0,54.0,0.0,0.0,0.0,0.0,0.0,0.0,0.0,0.0,0.0,154800.0,36000.0,4.3,no_additive,0.0,no_additive,0.0,100.0,-12.7,41.2,,41.2,41.2
49.5,49.5,0.0,50.5,50.5,0.0,0.0,0.0,0.0,0.0,0.0,0.0,0.0,0.0,173400.0,34000.0,5.1,no_additive,0.0,no_additive,0.0,100.0,-12.8,44.4,,44.4,44.4
46.9,46.9,0.0,53.1,53.1,0.0,0.0,0.0,0.0,0.0,0.0,0.0,0.0,0.0,30400.0,19000.0,1.6,no_additive,0.0,no_additive,0.0,100.0,-10.6,,,,
43.7,43.7,0.0,56.3,56.3,0.0,0.0,0.0,0.0,0.0,0.0,0.0,0.0,0.0,73100.0,43000.0,1.7,no_additive,0.0,no_additive,0.0,100.0,-13.8,,,,
33.7,33.7,0.0,66.3,66.3,0.0,0.0,0.0,0.0,0.0,0.0,0.0,0.0,0.0,71400.0,34000.0,2.1,no_additive,0.0,no_additive,0.0,100.0,-15.5,26.7,,26.7,26.7
64.8,64.8,0.0,35.2,35.2,0.0,0.0,0.0,0.0,0.0,0.0,0.0,0.0,0.0,37202.0,17800.0,2.09,no_additive,0.0,no_additive,0.0,100.0,-4.6,54.3,,85.25,116.2
70.2,70.2,0.0,29.8,29.8,0.0,0.0,0.0,0.0,0.0,0.0,0.0,0.0,0.0,39330.0,19000.0,2.07,no_additive,0.0,no_additive,0.0,100.0,-2.2,117.9,,117.9,117.9
30.200000000000003,30.200000000000003,0.0,69.8,69.8,0.0,0.0,0.0,0.0,0.0,0.0,0.0,0.0,0.0,37584.0,17400.0,2.16,no_additive,0.0,no_additive,0.0,100.0,-6.3,53.7,,53.7,53.7
75.2,75.2,0.0,24.8,24.8,0.0,0.0,0.0,0.0,0.0,0.0,0.0,0.0,0.0,31752.0,16200.0,1.96,no_additive,0.0,no_additive,0.0,100.0,0.2,60.6,,84.95,109.3
80.5,80.5,0.0,19.5,19.5,0.0,0.0,0.0,0.0,0.0,0.0,0.0,0.0,0.0,46031.0,19100.0,2.41,no_additive,0.0,no_additive,0.0,100.0,1.2,113.3,,113.3,113.3
19.299999999999997,19.299999999999997,0.0,80.7,80.7,0.0,0.0,0.0,0.0,0.0,0.0,0.0,0.0,0.0,,,,no_additive,0.0,no_additive,0.0,100.0,-18.6,42.8,,42.8,42.8
0.0,0.0,0.0,100.0,0.0,0.0,100.0,0.0,0.0,0.0,0.0,0.0,0.0,0.0,,,,no_additive,0.0,no_additive,0.0,100.0,-30.1,51.0,,51.0,51.0
0.0,0.0,0.0,100.0,0.0,0.0,100.0,0.0,0.0,0.0,0.0,0.0,0.0,0.0,,,,reinforcment_and_stiffening_modifiers,20.0,no_additive,0.0,80.0,-13.3,150.3,,150.3,150.3
0.0,0.0,0.0,100.0,0.0,0.0,100.0,0.0,0.0,0.0,0.0,0.0,0.0,0.0,,,,reinforcment_and_stiffening_modifiers,50.0,no_additive,0.0,50.0,11.9,159.5,,159.5,159.5
0.0,0.0,0.0,100.0,0.0,0.0,100.0,0.0,0.0,0.0,0.0,0.0,0.0,0.0,450000.0,216000.0,2.0,no_additive,0.0,no_additive,0.0,100.0,-34.0,51.8,,51.8,51.8
0.0,0.0,0.0,100.0,0.0,0.0,100.0,0.0,0.0,0.0,0.0,0.0,0.0,0.0,450000.0,216000.0,2.0,reinforcment_and_stiffening_modifiers,5.0,no_additive,0.0,95.0,-32.41,47.09,,47.09,47.09
0.0,0.0,0.0,100.0,0.0,0.0,100.0,0.0,0.0,0.0,0.0,0.0,0.0,0.0,450000.0,216000.0,2.0,reinforcment_and_stiffening_modifiers,15.0,no_additive,0.0,85.0,-31.49,46.38,,46.38,46.38
0.0,0.0,0.0,100.0,0.0,0.0,100.0,0.0,0.0,0.0,0.0,0.0,0.0,0.0,450000.0,216000.0,2.0,reinforcment_and_stiffening_modifiers,25.0,no_additive,0.0,75.0,-33.8,44.34,,44.34,44.34
0.0,0.0,0.0,100.0,4.2,0.0,17.0,0.0,60.8,0.0,5.7,0.0,0.0,12.3,55480.0,41402.985074626864,1.34,no_additive,0.0,no_additive,0.0,100.0,-45.1,40.6,,40.6,40.6
0.0,0.0,0.0,100.0,0.1,0.0,9.3,0.0,66.6,0.0,7.7,0.0,0.0,16.3,63200.0,45797.10144927537,1.38,no_additive,0.0,no_additive,0.0,100.0,,,,,
0.0,0.0,0.0,100.0,5.0,0.0,30.0,0.0,29.0,0.0,18.0,0.0,11.0,7.0,105792.0,45354.0,2.33,no_additive,0.0,no_additive,0.0,100.0,-41.75,34.95,,34.95,34.95
82.1,82.1,0.0,17.9,2.1,0.0,2.7,0.0,9.7,0.0,3.5,0.0,0.0,3.7,806000.0,448000.0,1.8,no_additive,0.0,no_additive,0.0,100.0,-0.29,157.5,,157.5,157.5
89.5,89.5,0.0,10.5,1.8,0.0,3.3,0.0,4.4,0.0,1.1,0.0,0.0,0.0,490000.0,118000.0,4.1,no_additive,0.0,no_additive,0.0,100.0,2.26,163.5,,163.5,163.5
0.0,0.0,0.0,104.0,5.0,0.0,20.0,0.0,49.0,0.0,16.0,0.0,3.0,11.0,415000.0,147000.0,2.8,no_additive,0.0,no_additive,0.0,100.0,-43.4,43.5,,43.5,43.5
0.0,0.0,0.0,104.0,5.0,0.0,20.0,0.0,49.0,0.0,16.0,0.0,3.0,11.0,356000.0,73000.0,4.9,no_additive,0.0,no_additive,0.0,100.0,-42.3,43.3,,43.3,43.3
0.0,0.0,0.0,104.0,5.0,0.0,20.0,0.0,49.0,0.0,16.0,0.0,3.0,11.0,157000.0,44000.0,3.6,no_additive,0.0,no_additive,0.0,100.0,-41.7,43.1,,43.1,43.1
0.0,0.0,0.0,104.0,5.0,0.0,20.0,0.0,49.0,0.0,16.0,0.0,3.0,11.0,120000.0,43000.0,2.8,plasticizers_and_flexibility_enhancers,10.0,no_additive,0.0,90.0,-43.2,43.3,,43.3,43.3
0.0,0.0,0.0,104.0,5.0,0.0,20.0,0.0,49.0,0.0,16.0,0.0,3.0,11.0,95000.0,36000.0,2.6,plasticizers_and_flexibility_enhancers,10.0,no_additive,0.0,90.0,-43.2,43.1,,43.1,43.1
0.0,0.0,0.0,104.0,5.0,0.0,20.0,0.0,49.0,0.0,16.0,0.0,3.0,11.0,84000.0,31000.0,2.7,plasticizers_and_flexibility_enhancers,10.0,no_additive,0.0,90.0,-43.3,43.3,,43.3,43.3
0.0,0.0,0.0,100.0,3.0,0.0,34.0,0.0,32.0,0.0,10.0,0.0,0.0,21.0,56000.0,31000.0,1.8,no_additive,0.0,no_additive,0.0,100.0,-47.0,,,,
0.0,0.0,0.0,100.0,4.0,0.0,55.0,0.0,27.0,0.0,8.0,0.0,0.0,6.0,57000.0,26000.0,2.2,no_additive,0.0,no_additive,0.0,100.0,-52.0,,,,
0.0,0.0,0.0,100.0,3.0,0.0,43.0,0.0,36.0,0.0,10.0,0.0,0.0,8.0,122000.0,63000.0,1.9,no_additive,0.0,no_additive,0.0,100.0,-46.0,50.0,,50.0,50.0
0.0,0.0,0.0,100.0,4.0,0.0,28.0,0.0,43.0,0.0,14.0,0.0,0.0,11.0,114000.0,56000.0,2.0,no_additive,0.0,no_additive,0.0,100.0,-43.0,50.0,,50.0,50.0
0.0,0.0,0.0,100.0,0.0,0.0,16.0,0.0,64.0,0.0,15.0,0.0,0.0,4.0,86990.0,23110.0,3.76,no_additive,0.0,no_additive,0.0,100.0,-48.46,43.95,,43.95,43.95
0.0,0.0,0.0,100.0,4.26,0.0,39.42,0.0,29.7,0.0,9.21,0.0,0.0,17.41,50700.0,22800.0,2.2,no_additive,0.0,no_additive,0.0,100.0,-44.0,,,,
0.0,0.0,0.0,100.0,5.03,0.0,41.81,0.0,33.62,0.0,11.53,0.0,0.55,7.46,75700.0,18400.0,4.1,no_additive,0.0,no_additive,0.0,100.0,-47.0,,,,
0.0,0.0,0.0,100.0,4.51,0.0,46.29,0.0,32.59,0.0,13.42,0.0,1.6,1.59,60000.0,32700.0,1.8,no_additive,0.0,no_additive,0.0,100.0,-44.0,,,,
0.0,0.0,0.0,100.0,4.86,0.0,47.21,0.0,32.36,0.0,12.59,0.0,1.74,1.24,42000.0,18200.0,2.3,no_additive,0.0,no_additive,0.0,100.0,-48.0,,,,
0.0,0.0,0.0,100.0,4.8,0.0,42.3,0.0,30.0,0.0,9.12,0.0,0.0,13.47,60900.0,30600.0,2.0,no_additive,0.0,no_additive,0.0,100.0,-44.1,,,,
0.0,0.0,0.0,100.0,5.3,0.0,44.6,0.0,31.5,0.0,9.5,0.0,0.0,8.9,71400.0,29300.0,2.4,no_additive,0.0,no_additive,0.0,100.0,-44.6,,,,
0.0,0.0,0.0,100.0,5.2,0.0,44.7,0.0,31.7,0.0,9.63,0.0,0.0,8.7,16200.0,3500.0,4.7,no_additive,0.0,no_additive,0.0,100.0,-45.0,,,,
0.0,0.0,0.0,100.0,4.9,0.0,39.6,0.0,31.9,0.0,10.93,0.0,0.0,12.52,9000.0,2200.0,4.0,no_additive,0.0,no_additive,0.0,100.0,-48.1,,,,
0.0,0.0,0.0,100.0,83.1,0.0,12.0,0.0,4.9,0.0,0.0,0.0,0.0,0.0,330000.0,182000.0,1.8,no_additive,0.0,no_additive,0.0,100.0,-25.8,,,,
2.5,0.0,2.5,97.5,0.0,97.5,0.0,0.0,0.0,0.0,0.0,0.0,0.0,0.0,308000.0,160000.0,1.9,no_additive,0.0,no_additive,0.0,100.0,-30.8,38.9,,38.9,38.9
0.0,0.0,0.0,100.0,12.2,0.0,87.8,0.0,0.0,0.0,0.0,0.0,0.0,0.0,178000.0,99000.0,1.8,no_additive,0.0,no_additive,0.0,100.0,-36.5,58.5,,58.5,58.5
2.3,0.0,2.3,97.7,0.0,40.6,1.4,55.7,0.0,0.0,0.0,0.0,0.0,0.0,240000.0,131000.0,1.8,no_additive,0.0,no_additive,0.0,100.0,-39.7,47.8,,47.8,47.8
0.0,0.0,0.0,100.0,11.1,1.1,65.8,1.2,20.8,0.0,0.0,0.0,0.0,0.0,225000.0,113000.0,2.0,no_additive,0.0,no_additive,0.0,100.0,-38.4,47.6,,47.6,47.6
0.0,0.0,0.0,100.0,7.2,0.0,41.5,0.0,0.0,0.0,0.0,0.0,0.0,51.3,242000.0,101000.0,2.4,no_additive,0.0,no_additive,0.0,100.0,-36.6,,,,
0.0,0.0,0.0,100.1,8.1,0.0,28.8,1.6,6.6,0.0,0.0,0.0,0.0,55.0,260000.0,117000.0,2.2,no_additive,0.0,no_additive,0.0,100.0,-43.1,,,,
0.0,0.0,0.0,100.0,4.3,0.0,20.0,0.0,64.7,0.0,4.6,0.0,0.0,6.4,72000.0,33000.0,2.2,no_additive,0.0,no_additive,0.0,100.0,-47.0,43.2,,43.2,43.2
27.3,0.0,27.3,72.7,1.1,0.6,12.2,1.3,45.8,2.1,3.3,0.0,1.0,5.3,105000.0,36000.0,2.9,no_additive,0.0,no_additive,0.0,100.0,-46.9,,,,
0.0,0.0,0.0,99.9,84.5,0.0,9.7,0.0,4.0,0.0,0.5,0.0,0.0,1.2,49000.0,22000.0,2.3,no_additive,0.0,no_additive,0.0,100.0,-29.7,131.1,,131.1,131.1
0.0,0.0,0.0,99.9,10.3,0.0,85.4,0.0,4.0,0.0,0.2,0.0,0.0,0.0,115000.0,54000.0,2.2,no_additive,0.0,no_additive,0.0,100.0,-38.1,51.2,,51.2,51.2
1.9,0.0,1.9,98.1,0.0,28.9,0.0,69.2,0.0,0.0,0.0,0.0,0.0,0.0,55000.0,26000.0,2.3,no_additive,0.0,no_additive,0.0,100.0,-41.3,47.2,,47.2,47.2
0.0,0.0,0.0,100.0,9.0,0.0,46.9,0.0,42.7,0.0,1.0,0.0,0.0,0.4,49000.0,21000.0,2.4,no_additive,0.0,no_additive,0.0,100.0,-44.0,45.5,,45.5,45.5
0.0,0.0,0.0,99.99999999999997,7.4,0.0,41.3,0.0,27.0,0.0,7.1,0.0,0.1,17.1,46000.0,21000.0,2.2,no_additive,0.0,no_additive,0.0,100.0,-52.7,,,,
0.0,0.0,0.0,100.0,8.0,0.0,8.0,0.0,20.0,0.0,5.5,0.0,3.1,55.4,46000.0,17000.0,2.7,no_additive,0.0,no_additive,0.0,100.0,-46.9,,,,
2.0,2.0,0.0,100.0,10.0,0.0,29.0,0.0,32.0,0.0,13.0,0.0,2.0,13.0,146000.0,73000.0,2.0,no_additive,0.0,no_additive,0.0,100.0,-44.0,42.0,,42.0,42.0
0.0,0.0,0.0,101.0,7.0,0.0,31.0,0.0,41.0,0.0,11.0,0.0,3.0,8.0,141860.0,82000.0,1.73,no_additive,0.0,no_additive,0.0,100.0,-45.0,44.0,,44.0,44.0
0.0,0.0,0.0,100.0,7.0,0.0,26.0,0.0,34.0,0.0,14.0,0.0,4.0,15.0,139440.0,84000.0,1.66,no_additive,0.0,no_additive,0.0,100.0,-46.0,39.0,,39.0,39.0
0.0,0.0,0.0,100.0,9.0,0.0,31.0,0.0,35.0,0.0,15.0,0.0,4.0,5.0,135300.0,82000.0,1.65,no_additive,0.0,no_additive,0.0,100.0,-43.0,44.0,,44.0,44.0
1.0,1.0,0.0,100.0,8.0,0.0,29.0,0.0,33.0,0.0,14.0,0.0,3.0,12.0,118800.0,72000.0,1.65,no_additive,0.0,no_additive,0.0,100.0,-45.0,41.0,,41.0,41.0
1.0,1.0,0.0,100.0,9.0,0.0,31.0,0.0,32.0,0.0,12.0,0.0,2.0,14.0,111800.0,65000.0,1.72,no_additive,0.0,no_additive,0.0,100.0,-46.0,41.0,,41.0,41.0
0.0,0.0,0.0,100.0,8.0,0.0,37.0,0.0,35.0,0.0,17.0,0.0,3.0,0.0,164630.0,101000.0,1.63,no_additive,0.0,no_additive,0.0,100.0,-38.0,48.0,,48.0,48.0
0.0,0.0,0.0,101.0,8.0,0.0,29.0,0.0,30.0,0.0,5.0,0.0,2.0,27.0,126700.0,70000.0,1.81,no_additive,0.0,no_additive,0.0,100.0,-45.0,,,,
0.0,0.0,0.0,99.9,0.4,0.0,33.7,0.0,24.3,0.0,4.9,0.0,0.4,36.2,126000.0,60000.0,2.1,no_additive,0.0,no_additive,0.0,100.0,-51.0,,,,
0.0,0.0,0.0,99.9,4.1,0.0,51.0,0.6,28.4,0.0,6.4,0.0,0.9,8.5,,,,no_additive,0.0,no_additive,0.0,100.0,-32.0,49.0,,49.0,49.0
0.0,0.0,0.0,100.0,10.0,0.0,90.0,0.0,0.0,0.0,0.0,0.0,0.0,0.0,194000.0,126000.0,1.5396825396825398,no_additive,0.0,no_additive,0.0,100.0,-29.0,61.0,,61.0,61.0
0.0,0.0,0.0,100.0,13.0,0.0,83.0,0.0,0.0,0.0,0.0,0.0,0.0,4.0,223000.0,123000.0,1.8130081300813008,no_additive,0.0,no_additive,0.0,100.0,-27.0,55.0,,55.0,55.0
0.0,0.0,0.0,99.0,9.0,0.0,75.0,0.0,0.0,0.0,0.0,0.0,0.0,15.0,255000.0,109000.0,2.3394495412844036,no_additive,0.0,no_additive,0.0,100.0,-30.0,,,,
0.0,0.0,0.0,98.0,7.0,0.0,91.0,0.0,0.0,0.0,0.0,0.0,0.0,0.0,137000.0,73000.0,1.88,no_additive,0.0,no_additive,0.0,100.0,-35.4,52.8,36.7,52.8,52.8
0.0,0.0,0.0,100.0,3.0,0.0,13.0,0.0,42.0,0.0,5.0,0.0,0.0,37.0,341000.0,92000.0,3.71,no_additive,0.0,no_additive,0.0,100.0,-53.0,39.0,,39.0,39.0
0.0,0.0,0.0,100.0,3.0,0.0,38.0,0.0,42.0,0.0,11.0,0.0,0.0,6.0,144000.0,52000.0,2.77,no_additive,0.0,no_additive,0.0,100.0,-49.0,40.0,,40.0,40.0
93.0,93.0,0.0,7.0,0.0,0.0,2.0,0.0,2.0,0.0,1.0,0.0,0.0,2.0,2680000.0,1514000.0,1.77,no_additive,0.0,no_additive,0.0,100.0,4.0,178.0,,178.0,178.0
0.0,0.0,0.0,100.0,1.0,0.0,34.0,0.0,30.0,0.0,12.0,0.0,0.0,23.0,124000.0,43000.0,2.88,no_additive,0.0,no_additive,0.0,100.0,-51.0,37.0,,37.0,37.0
0.0,0.0,0.0,100.0,7.2,0.0,40.6,0.0,5.5,0.0,0.0,0.0,0.0,46.7,139000.0,70558.37563451777,1.97,no_additive,0.0,no_additive,0.0,100.0,-45.5,,,,
0.0,0.0,0.0,100.0,3.3,0.0,32.2,0.0,64.5,0.0,0.0,0.0,0.0,0.0,,,,no_additive,0.0,no_additive,0.0,100.0,,,,,
0.0,0.0,0.0,100.0,3.3,0.0,32.2,0.0,64.5,0.0,0.0,0.0,0.0,0.0,,,,no_additive,0.0,no_additive,0.0,100.0,-49.35,52.2,15.6,52.2,52.2
