hb_ratio_mol,hv_ratio_mol,mw_phbv,mn_phbv,pdi,additive1_type,additive1_percentage_wt,additive2_type,additive2_percentage_wt,tg1,tc1,tm1,tm2,td5,dhm1,crystallinity,tm_mean,tm_max,tc_mean,tc_max
100.0,0.0,1623000.0,1345000.0,1.22,no_additive,0.0,no_additive,0.0,3.0,,175.0,,235.0,58.0,,175.0,175.0,,
100.0,0.0,166000.0,63846.153846153844,2.6,no_additive,0.0,no_additive,0.0,4.0,,175.0,,,22.0,,175.0,175.0,,
100.0,0.0,3240000.0,1940119.760479042,1.67,no_additive,0.0,no_additive,0.0,8.0,,178.0,,,,,178.0,178.0,,
37.0,63.0,1700000.0,762331.8385650225,2.23,no_additive,0.0,no_additive,0.0,-6.0,,134.0,,,,,134.0,134.0,,
22.0,78.0,1830000.0,973404.255319149,1.88,no_additive,0.0,no_additive,0.0,-2.0,,150.0,,,,,150.0,150.0,,
100.0,0.0,640000.0,250000.0,2.58,no_additive,0.0,no_additive,0.0,3.0,54.0,175.0,,,,80.0,175.0,175.0,54.0,54.0
100.0,0.0,1635000.0,847000.0,1.93,no_additive,0.0,no_additive,0.0,-3.08,91.54,163.3,,227.84,70.64,,163.3,163.3,91.54,91.54
0.0,100.0,1056000.0,815000.0,1.3,no_additive,0.0,no_additive,0.0,-15.09,58.37,112.27,,231.43,73.31,,112.27,112.27,58.37,58.37
100.0,0.0,153000.0,46363.63636363637,3.3,no_additive,0.0,no_additive,0.0,7.9,,169.0,,,54.5,,169.0,169.0,,
100.0,0.0,505000.0,270000.0,1.87,no_additive,0.0,no_additive,0.0,2.5,,170.0,,290.0,66.2,47.3,170.0,170.0,,
100.0,0.0,226000.0,200000.0,1.13,no_additive,0.0,no_additive,0.0,2.5,,171.0,,258.0,77.0,,171.0,171.0,,
0.0,100.0,230000.0,62000.0,3.52,no_additive,0.0,no_additive,0.0,-15.8,,103.0,,265.0,47.0,,103.0,103.0,,
100.0,0.0,2200000.0,640000.0,3.44,no_additive,0.0,no_additive,0.0,4.0,,175.0,,,,,175.0,175.0,,
87.0,13.0,1800000.0,690000.0,2.61,no_additive,0.0,no_additive,0.0,-11.0,,173.0,,,,,173.0,173.0,,
100.0,0.0,768000.0,404210.5263157895,1.9,no_additive,0.0,no_additive,0.0,4.0,,177.0,,,97.0,60.0,177.0,177.0,,
55.0,45.0,960000.0,400000.0,2.4,no_additive,0.0,no_additive,0.0,-10.0,,138.0,,,,,138.0,138.0,,
29.0,71.0,508000.0,254000.0,2.0,no_additive,0.0,no_additive,0.0,-13.0,,75.0,,,,,75.0,75.0,,
76.0,24.0,262200.0,138000.0,1.9,no_additive,0.0,no_additive,0.0,-6.0,,87.0,,,,,87.0,87.0,,
100.0,0.0,1407600.0,782000.0,1.8,no_additive,0.0,no_additive,0.0,10.0,,177.0,,,,,177.0,177.0,,
54.0,46.0,450000.0,200000.0,2.3,no_additive,0.0,no_additive,0.0,-10.3,,77.5,159.2,,19.0,,118.35,159.2,,
32.0,68.0,410000.0,210000.0,2.0,no_additive,0.0,no_additive,0.0,-11.8,,88.8,160.6,,49.7,,124.69999999999999,160.6,,
100.0,0.0,3581760.0,1148000.0,3.12,no_additive,0.0,no_additive,0.0,3.0,48.9,176.7,,,83.5,,176.7,176.7,48.9,48.9
100.0,0.0,3173120.0,1072000.0,2.96,no_additive,0.0,no_additive,0.0,3.0,55.2,177.3,,,85.6,,177.3,177.3,55.2,55.2
36.0,64.0,3526400.0,1102000.0,3.2,no_additive,0.0,no_additive,0.0,-13.0,,77.7,,,21.8,,77.7,77.7,,
84.0,16.0,2608640.0,1019000.0,2.56,no_additive,0.0,no_additive,0.0,3.0,58.9,171.1,,,61.4,,171.1,171.1,58.9,58.9
12.0,88.0,4252800.0,1329000.0,3.2,no_additive,0.0,no_additive,0.0,-14.0,52.4,99.7,,,43.7,,99.7,99.7,52.4,52.4
57.0,43.0,3909760.0,1312000.0,2.98,no_additive,0.0,no_additive,0.0,2.0,,148.3,157.7,,4.5,,153.0,157.7,,
8.0,92.0,5240400.0,1985000.0,2.64,no_additive,0.0,no_additive,0.0,-15.0,50.7,102.9,,,49.8,,102.9,102.9,50.7,50.7
44.0,56.0,3452680.0,1121000.0,3.08,no_additive,0.0,no_additive,0.0,-1.0,,99.5,,,0.5,,99.5,99.5,,
5.0,95.0,4849680.0,2004000.0,2.42,no_additive,0.0,no_additive,0.0,-15.0,44.9,104.8,,,54.5,,104.8,104.8,44.9,44.9
35.0,65.0,2774440.0,998000.0,2.78,no_additive,0.0,no_additive,0.0,-4.0,,99.2,,,0.9,,99.2,99.2,,
100.0,0.0,3619980.0,1183000.0,3.06,no_additive,0.0,no_additive,0.0,3.0,47.1,176.6,,,83.1,,176.6,176.6,47.1,47.1
100.0,0.0,2964960.0,1044000.0,2.84,no_additive,0.0,no_additive,0.0,3.0,52.2,176.0,,,84.2,,176.0,176.0,52.2,52.2
27.0,73.0,3324590.0,1069000.0,3.11,no_additive,0.0,no_additive,0.0,-11.0,,80.8,,,48.5,,80.8,80.8,,
88.0,12.0,2542000.0,1025000.0,2.48,no_additive,0.0,no_additive,0.0,3.0,57.7,168.7,,,67.9,,168.7,168.7,57.7,57.7
12.0,88.0,3857189.9999999995,1273000.0,3.03,no_additive,0.0,no_additive,0.0,-14.0,49.1,100.0,,,47.3,,100.0,100.0,49.1,49.1
62.0,38.0,3733880.0,1292000.0,2.89,no_additive,0.0,no_additive,0.0,1.0,62.4,151.2,163.4,,2.4,,157.3,163.4,62.4,62.4
8.0,92.0,4997200.0,2015000.0,2.48,no_additive,0.0,no_additive,0.0,-15.0,42.1,101.8,,,48.7,,101.8,101.8,42.1,42.1
37.0,63.0,3286080.0,1141000.0,2.88,no_additive,0.0,no_additive,0.0,-1.0,,102.1,,,2.8,,102.1,102.1,,
6.0,94.0,4853310.0,2101000.0,2.31,no_additive,0.0,no_additive,0.0,-15.0,43.1,103.1,,,47.5,,103.1,103.1,43.1,43.1
24.0,76.0,2930370.0,1007000.0,2.91,no_additive,0.0,no_additive,0.0,-3.0,,103.4,,,1.2,,103.4,103.4,,
68.0,32.0,550000.0,392857.1428571429,1.4,no_additive,0.0,no_additive,0.0,-6.6,,99.0,,,,9.0,99.0,99.0,,
65.0,35.0,290000.0,51785.71428571429,5.6,no_additive,0.0,no_additive,0.0,-9.7,,105.0,,,,34.0,105.0,105.0,,
70.0,30.0,250000.0,86206.89655172414,2.9,no_additive,0.0,no_additive,0.0,-3.9,,106.0,,,,28.0,106.0,106.0,,
71.0,29.0,410000.0,292857.1428571429,1.4,no_additive,0.0,no_additive,0.0,-3.7,,112.0,,,,5.0,112.0,112.0,,
13.1,86.9,3580000.0,1460000.0,2.45,no_additive,0.0,no_additive,0.0,-9.9,,102.3,,226.9,,,102.3,102.3,,
0.5,99.5,1690000.0,780000.0,2.17,no_additive,0.0,no_additive,0.0,-17.8,56.0,108.0,,253.6,,,108.0,108.0,56.0,56.0
79.4,20.599999999999994,3400000.0,1370000.0,2.48,no_additive,0.0,no_additive,0.0,-0.5,64.7,128.4,165.8,245.0,,,147.10000000000002,165.8,64.7,64.7
28.5,71.5,3070000.0,1260000.0,2.44,no_additive,0.0,no_additive,0.0,-9.6,,73.7,101.3,232.6,,,87.5,101.3,,
55.6,44.4,2710000.0,1540000.0,1.76,no_additive,0.0,no_additive,0.0,-5.5,,84.3,134.3,267.4,,,109.30000000000001,134.3,,
97.5,2.5,1120000.0,1051000.0,1.07,no_additive,0.0,no_additive,0.0,2.2,,177.8,,,,66.4,177.8,177.8,,
97.4,2.5999999999999943,1732000.0,1451000.0,1.2,no_additive,0.0,no_additive,0.0,3.4,,175.9,,,,67.8,175.9,175.9,,
72.6,27.4,125330.0,61470.0,2.0388807548397594,no_additive,0.0,no_additive,0.0,-7.18,79.39,131.77,142.64,,,29.34,137.20499999999998,142.64,79.39,79.39
70.8,29.2,337979.0,105252.0,3.211140880933379,no_additive,0.0,no_additive,0.0,-3.12,70.74,135.67,150.01,,,28.34,142.83999999999997,150.01,70.74,70.74
77.5,22.5,80509.0,35575.0,2.2630780042164442,no_additive,0.0,no_additive,0.0,-3.25,78.56,131.52,148.33,,,32.16,139.925,148.33,78.56,78.56
79.7,20.3,250588.0,76752.0,3.2649051490514904,no_additive,0.0,no_additive,0.0,-6.87,62.4,134.73,153.98,,,24.0,144.355,153.98,62.4,62.4
86.2,13.8,170849.0,54624.0,3.1277277387229057,no_additive,0.0,no_additive,0.0,-4.86,68.67,137.89,154.92,,,31.51,146.40499999999997,154.92,68.67,68.67
64.93506493506493,35.064935064935064,115908.0,50442.0,2.297847032235042,no_additive,0.0,no_additive,0.0,-7.39,81.49,130.21,139.94,,,8.73,135.075,139.94,81.49,81.49
72.6027397260274,27.397260273972602,176394.0,66464.0,2.653978093403948,no_additive,0.0,no_additive,0.0,-6.25,74.76,131.4,144.21,,,28.59,137.805,144.21,74.76,74.76
75.11520737327189,24.884792626728114,345465.0,140753.0,2.4544059451663554,no_additive,0.0,no_additive,0.0,-4.35,70.65,135.92,149.71,,,23.16,142.815,149.71,70.65,70.65
74.5995423340961,25.400457665903893,365390.0,145918.0,2.5040776326429914,no_additive,0.0,no_additive,0.0,-1.7,69.9,140.09,153.42,,,16.35,146.755,153.42,69.9,69.9
79.71698113207547,20.283018867924525,232746.0,73183.0,3.180328764877089,no_additive,0.0,no_additive,0.0,-6.51,62.47,135.32,154.44,,,25.24,144.88,154.44,62.47,62.47
79.76190476190476,20.238095238095237,268430.0,80321.0,3.341965363977042,no_additive,0.0,no_additive,0.0,-7.22,62.33,134.14,153.51,,,22.76,143.825,153.51,62.33,62.33
77.0935960591133,22.9064039408867,156576.0,52063.0,3.0074333019610857,no_additive,0.0,no_additive,0.0,-5.27,76.79,137.02,155.51,,,28.31,146.265,155.51,76.79,76.79
84.42622950819673,15.573770491803279,372673.0,125268.0,2.9750055880192865,no_additive,0.0,no_additive,0.0,-4.55,80.69,135.74,145.87,,,19.13,140.805,145.87,80.69,80.69
77.58620689655172,22.413793103448278,278082.0,79241.0,3.5093196703726606,no_additive,0.0,no_additive,0.0,-2.93,73.95,135.89,151.43,,,26.2,143.66,151.43,73.95,73.95
100.0,0.0,800000.0,,,no_additive,0.0,no_additive,0.0,,,179.0,,,97.0,67.0,179.0,179.0,,
87.0,13.0,420000.0,,,no_additive,0.0,no_additive,0.0,,96.0,155.0,155.0,236.0,,48.0,155.0,155.0,96.0,96.0
87.0,13.0,420000.0,,,reinforcment_and_stiffening_modifiers,0.5,no_additive,0.0,,97.0,157.0,157.0,,,46.0,157.0,157.0,97.0,97.0
87.0,13.0,420000.0,,,reinforcment_and_stiffening_modifiers,1.0,no_additive,0.0,,98.0,157.0,157.0,253.0,,46.0,157.0,157.0,98.0,98.0
87.0,13.0,420000.0,,,reinforcment_and_stiffening_modifiers,2.0,no_additive,0.0,,92.0,157.0,157.0,257.0,,46.0,157.0,157.0,96.5,101.0
87.0,13.0,420000.0,,,reinforcment_and_stiffening_modifiers,5.0,no_additive,0.0,,94.0,157.0,157.0,262.0,,47.0,157.0,157.0,98.0,102.0
87.0,13.0,420000.0,,,reinforcment_and_stiffening_modifiers,10.0,no_additive,0.0,,102.0,157.0,157.0,265.0,,47.0,157.0,157.0,102.0,102.0
98.0,2.0,340000.0,,,no_additive,0.0,no_additive,0.0,,118.0,165.0,,258.0,,68.0,165.0,165.0,118.0,118.0
98.0,2.0,340000.0,,,reinforcment_and_stiffening_modifiers,3.0,no_additive,0.0,,119.0,165.0,,261.0,,71.0,165.0,165.0,119.0,119.0
98.0,2.0,340000.0,,,reinforcment_and_stiffening_modifiers,3.0,no_additive,0.0,,119.0,161.0,,267.0,,69.0,161.0,161.0,119.0,119.0
98.0,2.0,340000.0,,,reinforcment_and_stiffening_modifiers,3.0,no_additive,0.0,,119.0,165.0,,259.0,,67.0,165.0,165.0,119.0,119.0
100.0,0.0,1020000.0,510000.0,2.0,no_additive,0.0,no_additive,0.0,4.0,,177.0,,,,60.0,177.0,177.0,,
100.0,0.0,,,,no_additive,0.0,no_additive,0.0,4.0,,179.0,,,,,179.0,179.0,,
97.0,3.0,,,,no_additive,0.0,no_additive,0.0,,,170.0,,,,,170.0,170.0,,
91.0,9.0,,,,no_additive,0.0,no_additive,0.0,,,162.0,,,,,162.0,162.0,,
86.0,14.0,,,,no_additive,0.0,no_additive,0.0,,,150.0,,,,,150.0,150.0,,
80.0,20.0,,,,no_additive,0.0,no_additive,0.0,,,145.0,,,,,145.0,145.0,,
25.0,75.0,,,,no_additive,0.0,no_additive,0.0,,,137.0,,,,,137.0,137.0,,
100.0,0.0,,,,no_additive,0.0,no_additive,0.0,9.0,,175.0,,,,,175.0,175.0,,
11.0,89.0,,,,no_additive,0.0,no_additive,0.0,2.0,,157.0,,,,,157.0,157.0,,
20.0,80.0,,,,no_additive,0.0,no_additive,0.0,-5.0,,114.0,,,,,114.0,114.0,,
28.0,72.0,,,,no_additive,0.0,no_additive,0.0,-8.0,,102.0,,,,,102.0,102.0,,
34.0,66.0,,,,no_additive,0.0,no_additive,0.0,-9.0,,97.0,,,,,97.0,97.0,,
97.0,3.0,400000.0,,,no_additive,0.0,no_additive,0.0,,,,,,,,,,,
,,,,,no_additive,0.0,no_additive,0.0,,,,,,,,,,,
,,,,,no_additive,0.0,no_additive,0.0,,,,,,,,,,,
,,,,,no_additive,0.0,no_additive,0.0,,,,,,,,,,,
88.0,12.0,,,,no_additive,0.0,no_additive,0.0,,,,,,,,,,,
88.0,12.0,,,,reinforcment_and_stiffening_modifiers,0.3,no_additive,0.0,,,,,,,,,,,
88.0,12.0,,,,reinforcment_and_stiffening_modifiers,0.3,no_additive,0.0,,,,,,,,,,,
97.0,3.0,,,,no_additive,0.0,no_additive,0.0,,,,,,,,,,,
97.0,3.0,,,,biofunctional_and_enviromental_additives,25.0,no_additive,0.0,,,,,,,,,,,
97.0,3.0,,,,biofunctional_and_enviromental_additives,50.0,no_additive,0.0,,,,,,,,,,,
88.0,12.0,,,,no_additive,10.0,no_additive,0.0,,104.0,154.6,162.8,,77.0,72.6,158.7,162.8,104.0,104.0
100.0,0.0,1170000.0,650000.0,1.8,no_additive,0.0,no_additive,0.0,4.0,,178.0,,,91.0,,178.0,178.0,,
98.0,2.0,,,,no_additive,0.0,no_additive,0.0,,,,,,,55.9,,,,
100.0,0.0,440000.0,260000.0,1.6923076923076923,no_additive,0.0,no_additive,0.0,3.0,,172.0,,,92.0,63.0,172.0,172.0,,
100.0,0.0,440000.0,260000.0,1.6923076923076923,reinforcment_and_stiffening_modifiers,10.0,no_additive,0.0,7.0,,174.0,,,90.0,61.0,174.0,174.0,,
100.0,0.0,440000.0,260000.0,1.6923076923076923,reinforcment_and_stiffening_modifiers,20.0,no_additive,0.0,9.0,,173.0,,,85.0,58.0,173.0,173.0,,
100.0,0.0,440000.0,260000.0,1.6923076923076923,reinforcment_and_stiffening_modifiers,40.0,no_additive,0.0,15.0,,170.0,,,78.0,53.0,170.0,170.0,,
100.0,0.0,440000.0,260000.0,1.6923076923076923,reinforcment_and_stiffening_modifiers,50.0,no_additive,0.0,18.0,,167.0,,,34.0,23.0,167.0,167.0,,
17.0,83.0,2270000.0,800000.0,2.8375,no_additive,0.0,no_additive,0.0,-9.3,,91.6,,,59.8,,91.6,91.6,,
100.0,0.0,,,,no_additive,0.0,no_additive,0.0,,107.4,172.4,167.8,274.6,64.8,41.6,170.10000000000002,172.4,107.4,107.4
100.0,0.0,,,,reinforcment_and_stiffening_modifiers,0.5,no_additive,0.0,,108.6,174.1,170.9,276.5,57.4,35.4,172.5,174.1,108.6,108.6
100.0,0.0,,,,reinforcment_and_stiffening_modifiers,2.0,no_additive,0.0,,109.5,176.2,171.7,272.6,66.1,40.1,173.95,176.2,109.5,109.5
100.0,0.0,,,,reinforcment_and_stiffening_modifiers,0.5,no_additive,0.0,,108.3,174.5,170.6,273.4,64.8,41.7,172.55,174.5,108.3,108.3
100.0,0.0,,,,reinforcment_and_stiffening_modifiers,2.0,no_additive,0.0,,108.1,175.4,171.9,278.2,65.4,38.5,173.65,175.4,108.1,108.1
100.0,0.0,,,,reinforcment_and_stiffening_modifiers,0.5,no_additive,0.0,,107.6,176.1,170.9,273.9,61.6,38.1,173.5,176.1,107.6,107.6
100.0,0.0,,,,reinforcment_and_stiffening_modifiers,2.0,no_additive,0.0,,109.5,174.5,171.3,275.8,65.8,39.5,172.9,174.5,109.5,109.5
96.6,3.4,,,,no_additive,0.0,no_additive,0.0,,85.0,171.0,176.0,,60.5,41.0,173.5,176.0,85.0,85.0
96.6,3.4,,,,reinforcment_and_stiffening_modifiers,3.0,no_additive,0.0,,85.0,170.0,,,76.0,54.0,170.0,170.0,85.0,85.0
96.6,3.4,,,,plasticizers_and_flexibility_enhancers,10.0,no_additive,0.0,,87.0,164.0,171.0,,77.0,59.0,167.5,171.0,87.0,87.0
96.6,3.4,,,,plasticizers_and_flexibility_enhancers,10.0,reinforcment_and_stiffening_modifiers,3.0,,84.0,160.0,171.0,,85.9,68.0,165.5,171.0,84.0,84.0
96.6,3.4,,,,plasticizers_and_flexibility_enhancers,10.0,no_additive,0.0,,64.0,174.0,,,60.5,46.0,174.0,174.0,64.0,64.0
96.6,3.4,,,,plasticizers_and_flexibility_enhancers,10.0,reinforcment_and_stiffening_modifiers,3.0,,74.0,148.0,163.0,,76.7,60.0,155.5,163.0,74.0,74.0
96.6,3.4,,,,plasticizers_and_flexibility_enhancers,10.0,no_additive,0.0,,81.0,172.0,,,90.6,69.0,172.0,172.0,81.0,81.0
96.6,3.4,,,,plasticizers_and_flexibility_enhancers,10.0,reinforcment_and_stiffening_modifiers,3.0,,84.0,172.0,,,84.2,66.0,172.0,172.0,84.0,84.0
98.0,2.0,,,,no_additive,0.0,no_additive,0.0,,91.0,166.0,174.0,,77.17,52.0,170.0,174.0,91.0,91.0
98.0,2.0,,,,plasticizers_and_flexibility_enhancers,10.0,no_additive,0.0,,80.0,158.0,169.0,,77.01,52.0,163.5,169.0,80.0,80.0
98.0,2.0,,,,reinforcment_and_stiffening_modifiers,3.0,no_additive,0.0,,92.0,164.0,173.0,,76.79,51.0,168.5,173.0,92.0,92.0
98.0,2.0,,,,reinforcment_and_stiffening_modifiers,3.0,plasticizers_and_flexibility_enhancers,10.0,,73.0,156.0,169.0,,76.52,51.0,162.5,169.0,73.0,73.0
90.0,10.0,,,,no_additive,0.0,no_additive,0.0,,93.0,155.0,166.0,,85.63,79.0,160.5,166.0,93.0,93.0
90.0,10.0,,,,plasticizers_and_flexibility_enhancers,10.0,no_additive,0.0,-9.0,66.0,143.0,160.0,,72.51,66.0,151.5,160.0,66.0,66.0
90.0,10.0,,,,reinforcment_and_stiffening_modifiers,3.0,no_additive,0.0,,80.0,150.0,163.0,,73.71,67.0,156.5,163.0,80.0,80.0
90.0,10.0,,,,reinforcment_and_stiffening_modifiers,3.0,plasticizers_and_flexibility_enhancers,10.0,,67.0,143.0,160.0,,66.49,61.0,151.5,160.0,67.0,67.0
82.0,18.0,,,,no_additive,0.0,no_additive,0.0,-0.8,81.0,147.0,161.0,,53.35,49.0,154.0,161.0,81.0,81.0
82.0,18.0,,,,plasticizers_and_flexibility_enhancers,10.0,no_additive,0.0,-11.0,93.0,146.0,159.0,,49.5,45.0,152.5,159.0,93.0,93.0
82.0,18.0,,,,reinforcment_and_stiffening_modifiers,3.0,no_additive,0.0,-4.0,94.0,147.0,160.0,,54.49,50.0,153.5,160.0,94.0,94.0
82.0,18.0,,,,reinforcment_and_stiffening_modifiers,3.0,plasticizers_and_flexibility_enhancers,10.0,-18.0,99.0,147.0,159.0,,44.5,41.0,153.0,159.0,99.0,99.0
94.0,6.0,680000.0,,,no_additive,0.0,no_additive,0.0,,28.5,161.0,,,65.9,,161.0,161.0,28.5,28.5
94.0,6.0,680000.0,,,plasticizers_and_flexibility_enhancers,5.0,no_additive,0.0,,36.6,160.5,,,56.1,,160.5,160.5,36.6,36.6
94.0,6.0,680000.0,,,plasticizers_and_flexibility_enhancers,10.0,no_additive,0.0,,39.6,158.2,,,58.1,,158.2,158.2,39.6,39.6
94.0,6.0,680000.0,,,plasticizers_and_flexibility_enhancers,20.0,no_additive,0.0,,41.7,161.6,,,64.5,,161.6,161.6,41.7,41.7
94.0,6.0,680000.0,,,plasticizers_and_flexibility_enhancers,30.0,no_additive,0.0,,48.7,158.9,,,67.0,,158.9,158.9,48.7,48.7
94.0,6.0,680000.0,,,plasticizers_and_flexibility_enhancers,5.0,no_additive,0.0,,36.2,160.5,,,63.6,,160.5,160.5,36.2,36.2
94.0,6.0,680000.0,,,plasticizers_and_flexibility_enhancers,10.0,no_additive,0.0,,34.8,160.3,,,68.0,,160.3,160.3,34.8,34.8
94.0,6.0,680000.0,,,plasticizers_and_flexibility_enhancers,20.0,no_additive,0.0,,39.0,159.5,,,61.6,,159.5,159.5,39.0,39.0
94.0,6.0,680000.0,,,plasticizers_and_flexibility_enhancers,30.0,no_additive,0.0,,41.6,159.6,,,56.3,,159.6,159.6,41.6,41.6
100.0,0.0,,,,no_additive,0.0,no_additive,0.0,0.6,,174.0,,,88.6,60.7,174.0,174.0,,
88.0,12.0,,,,no_additive,0.0,no_additive,0.0,-3.8,,168.0,,,76.8,52.6,168.0,168.0,,
75.0,25.0,,,,no_additive,0.0,no_additive,0.0,-5.5,,155.0,,,67.3,46.1,155.0,155.0,,
83.0,17.0,2800000.0,1960000.0,1.43,no_additive,0.0,no_additive,0.0,-0.7,61.8,126.1,152.5,318.0,,,139.3,152.5,61.8,61.8
81.0,19.0,867000.0,798000.0,1.09,no_additive,0.0,no_additive,0.0,-3.5,107.1,150.9,166.5,329.0,,,158.7,166.5,107.1,107.1
79.0,21.0,696000.0,645000.0,1.08,no_additive,0.0,no_additive,0.0,-5.3,104.8,159.7,170.1,325.0,,,164.89999999999998,170.1,104.8,104.8
75.0,25.0,854000.0,752000.0,1.14,no_additive,0.0,no_additive,0.0,-7.4,80.0,153.8,165.3,325.0,,,159.55,165.3,80.0,80.0
77.0,23.0,845000.0,796000.0,1.06,no_additive,0.0,no_additive,0.0,-1.6,64.2,128.6,152.1,320.0,,,140.35,152.1,64.2,64.2
95.0,5.0,,,,no_additive,0.0,no_additive,0.0,5.0,121.9,173.1,,,99.9,69.9,173.1,173.1,121.9,121.9
98.66,1.34,715166.0,236211.0,3.0276574757314436,no_additive,0.0,no_additive,0.0,,79.82,169.8,160.89,232.0,,,165.345,169.8,79.82,79.82
98.66,1.34,715166.0,236211.0,3.0276574757314436,reinforcment_and_stiffening_modifiers,1.0,no_additive,0.0,,77.76,169.35,158.64,227.0,,,163.995,169.35,77.76,77.76
98.66,1.34,715166.0,236211.0,3.0276574757314436,reinforcment_and_stiffening_modifiers,3.0,no_additive,0.0,,77.39,169.56,157.13,216.0,,,163.345,169.56,77.39,77.39
97.5,2.5,280000.0,,,no_additive,0.0,no_additive,0.0,,,,,276.6,,,,,,
97.5,2.5,280000.0,,,biofunctional_and_enviromental_additives,2.5,no_additive,0.0,,,,,264.2,,,,,,
97.5,2.5,280000.0,,,biofunctional_and_enviromental_additives,5.0,no_additive,0.0,,,,,265.0,,,,,,
97.5,2.5,280000.0,,,biofunctional_and_enviromental_additives,10.0,no_additive,0.0,,,,,245.8,,,,,,
97.5,2.5,280000.0,,,biofunctional_and_enviromental_additives,15.0,no_additive,0.0,,,,,160.8,,,,,,
100.0,0.0,825000.0,330000.0,2.5,no_additive,0.0,no_additive,0.0,6.1,,169.0,,,,,169.0,169.0,,
100.0,0.0,825000.0,330000.0,2.5,plasticizers_and_flexibility_enhancers,25.0,no_additive,0.0,-4.2,41.8,164.2,,,,,164.2,164.2,41.8,41.8
100.0,0.0,825000.0,330000.0,2.5,plasticizers_and_flexibility_enhancers,30.0,no_additive,0.0,-3.6,43.5,163.5,,,,,163.5,163.5,43.5,43.5
100.0,0.0,825000.0,330000.0,2.5,plasticizers_and_flexibility_enhancers,35.0,no_additive,0.0,-2.8,44.5,164.6,,,,,164.6,164.6,44.5,44.5
100.0,0.0,825000.0,330000.0,2.5,plasticizers_and_flexibility_enhancers,40.0,no_additive,0.0,-2.8,44.3,164.9,,,,,164.9,164.9,44.3,44.3
100.0,0.0,825000.0,330000.0,2.5,plasticizers_and_flexibility_enhancers,50.0,no_additive,0.0,-2.4,41.4,165.4,,,,,165.4,165.4,41.4,41.4
100.0,0.0,825000.0,330000.0,2.5,plasticizers_and_flexibility_enhancers,10.0,no_additive,0.0,-9.8,27.6,162.9,,,,,162.9,162.9,27.6,27.6
100.0,0.0,825000.0,330000.0,2.5,plasticizers_and_flexibility_enhancers,20.0,no_additive,0.0,-28.5,20.0,159.6,,,,,159.6,159.6,20.0,20.0
100.0,0.0,825000.0,330000.0,2.5,plasticizers_and_flexibility_enhancers,25.0,no_additive,0.0,-29.7,17.6,158.3,,,,,158.3,158.3,17.6,17.6
100.0,0.0,825000.0,330000.0,2.5,plasticizers_and_flexibility_enhancers,30.0,no_additive,0.0,-30.7,15.5,156.8,,,,,156.8,156.8,15.5,15.5
100.0,0.0,223000.0,181300.8130081301,1.23,no_additive,0.0,no_additive,0.0,3.8,46.6,,,,83.3,,,,46.6,46.6
100.0,0.0,223000.0,181300.8130081301,1.23,reinforcment_and_stiffening_modifiers,30.0,no_additive,0.0,4.6,46.7,,,,83.1,,,,46.7,46.7
100.0,0.0,223000.0,181300.8130081301,1.23,reinforcment_and_stiffening_modifiers,30.0,no_additive,0.0,3.8,41.6,,,,83.7,,,,41.6,41.6
100.0,0.0,223000.0,181300.8130081301,1.23,reinforcment_and_stiffening_modifiers,30.0,no_additive,0.0,4.7,41.2,,,,82.3,,,,41.2,41.2
100.0,0.0,223000.0,181300.8130081301,1.23,reinforcment_and_stiffening_modifiers,30.0,no_additive,0.0,5.4,,,,,84.2,,,,,
100.0,0.0,223000.0,181300.8130081301,1.23,reinforcment_and_stiffening_modifiers,30.0,no_additive,0.0,5.9,,,,,80.5,,,,,
98.0,2.0,280000.0,,,no_additive,0.0,no_additive,0.0,-1.73,78.65,170.53,,277.5,95.81,65.35,170.53,170.53,78.65,78.65
98.0,2.0,280000.0,,,reinforcment_and_stiffening_modifiers,2.5,no_additive,0.0,-1.62,82.26,167.8,,280.42,91.61,65.78,167.8,167.8,82.26,82.26
98.0,2.0,280000.0,,,reinforcment_and_stiffening_modifiers,5.0,no_additive,0.0,-1.73,76.4,168.81,,282.92,95.09,68.28,168.81,168.81,76.4,76.4
98.0,2.0,280000.0,,,reinforcment_and_stiffening_modifiers,10.0,no_additive,0.0,-1.71,75.59,169.06,,288.75,84.45,64.01,169.06,169.06,75.59,75.59
98.0,2.0,280000.0,,,reinforcment_and_stiffening_modifiers,1.0,no_additive,0.0,-1.72,73.07,168.16,,227.08,91.92,63.34,168.16,168.16,73.07,73.07
98.0,2.0,280000.0,,,reinforcment_and_stiffening_modifiers,1.0,reinforcment_and_stiffening_modifiers,0.25,-1.73,77.07,166.31,,256.25,90.95,62.85,166.31,166.31,77.07,77.07
98.0,2.0,280000.0,,,reinforcment_and_stiffening_modifiers,4.98,reinforcment_and_stiffening_modifiers,0.96,-1.77,76.9,167.4,,274.17,93.66,67.25,167.4,167.4,76.9,76.9
100.0,0.0,,,,no_additive,0.0,no_additive,0.0,,,172.05,,249.6,89.7,61.44,172.05,172.05,,
84.0,16.0,,,,no_additive,0.0,no_additive,0.0,,,150.18,,266.6,73.5,50.34,150.18,150.18,,
47.0,53.0,,,,no_additive,0.0,no_additive,0.0,,,101.93,,252.3,75.8,51.92,101.93,101.93,,
91.0,9.0,23900.0,7587.3015873015875,3.15,no_additive,0.0,no_additive,0.0,,74.6,173.1,175.7,,,65.4,174.39999999999998,175.7,74.6,74.6
91.0,9.0,23900.0,7587.3015873015875,3.15,reinforcment_and_stiffening_modifiers,0.1,no_additive,0.0,,81.7,171.1,178.1,,,64.3,174.6,178.1,81.7,81.7
91.0,9.0,23900.0,7587.3015873015875,3.15,reinforcment_and_stiffening_modifiers,0.3,no_additive,0.0,,83.7,170.7,177.5,,,67.2,174.1,177.5,83.7,83.7
91.0,9.0,23900.0,7587.3015873015875,3.15,reinforcment_and_stiffening_modifiers,0.5,no_additive,0.0,,82.5,169.4,175.1,,,69.0,172.25,175.1,82.5,82.5
91.0,9.0,23900.0,7587.3015873015875,3.15,reinforcment_and_stiffening_modifiers,1.0,no_additive,0.0,,83.4,170.1,177.0,,,69.5,173.55,177.0,83.4,83.4
91.0,9.0,23900.0,7587.3015873015875,3.15,reinforcment_and_stiffening_modifiers,3.0,no_additive,0.0,,82.9,169.7,176.2,,,67.5,172.95,176.2,82.9,82.9
100.0,0.0,490000.0,,,plasticizers_and_flexibility_enhancers,10.0,no_additive,0.0,-13.4,85.7,161.3,170.3,215.7,86.0,58.9,165.8,170.3,85.7,85.7
100.0,0.0,490000.0,,,plasticizers_and_flexibility_enhancers,10.0,reinforcment_and_stiffening_modifiers,2.0,-9.0,86.8,161.1,170.3,219.3,87.9,61.4,165.7,170.3,86.8,86.8
100.0,0.0,490000.0,,,plasticizers_and_flexibility_enhancers,10.0,reinforcment_and_stiffening_modifiers,5.0,-10.1,87.5,161.8,170.4,226.5,83.7,60.4,166.10000000000002,170.4,87.5,87.5
100.0,0.0,490000.0,,,plasticizers_and_flexibility_enhancers,10.0,reinforcment_and_stiffening_modifiers,10.0,-6.3,83.8,161.2,170.0,229.3,84.5,64.3,165.6,170.0,83.8,83.8
100.0,0.0,490000.0,,,plasticizers_and_flexibility_enhancers,20.0,reinforcment_and_stiffening_modifiers,5.0,-21.0,77.0,155.5,166.7,203.0,79.0,63.6,161.1,166.7,77.0,77.0
100.0,0.0,,,,no_additive,0.0,no_additive,0.0,0.9,,175.0,,,,,175.0,175.0,,
84.0,16.0,,,,no_additive,0.0,no_additive,0.0,-2.2,,154.2,,,,,154.2,154.2,,
78.0,22.0,,,,no_additive,0.0,no_additive,0.0,-4.3,,148.8,,,,,148.8,148.8,,
100.0,0.0,,,,no_additive,0.0,no_additive,0.0,2.5,,180.0,,,,,180.0,180.0,,
86.0,14.0,,,,no_additive,0.0,no_additive,0.0,-4.0,,150.0,,,,,150.0,150.0,,
75.0,25.0,,,,no_additive,0.0,no_additive,0.0,-6.0,,137.0,,,,,137.0,137.0,,
94.0,6.0,680000.0,,,no_additive,0.0,no_additive,0.0,-6.6,28.5,161.0,,,69.0,,161.0,161.0,28.5,28.5
94.0,6.0,680000.0,,,plasticizers_and_flexibility_enhancers,20.0,no_additive,0.0,-3.4,41.7,161.6,,,64.5,,161.6,161.6,41.7,41.7
94.0,6.0,680000.0,,,plasticizers_and_flexibility_enhancers,20.0,no_additive,0.0,-19.0,39.0,159.5,,,61.6,,159.5,159.5,39.0,39.0
94.0,6.0,680000.0,,,plasticizers_and_flexibility_enhancers,20.0,no_additive,0.0,-28.5,17.3,152.7,,,59.1,,152.7,152.7,17.3,17.3
94.0,6.0,680000.0,,,plasticizers_and_flexibility_enhancers,20.0,no_additive,0.0,-30.0,22.9,144.4,,,53.0,,144.4,144.4,22.9,22.9
93.0,7.0,4400000.0,2750000.0,1.6,no_additive,0.0,no_additive,0.0,,,170.0,,,,,170.0,170.0,,
93.0,7.0,4400000.0,2750000.0,1.6,no_additive,0.0,no_additive,0.0,,,170.0,,,,60.9,170.0,170.0,,
93.0,7.0,4400000.0,2750000.0,1.6,no_additive,0.0,no_additive,0.0,,,170.0,,,,63.7,170.0,170.0,,
93.0,7.0,4400000.0,2750000.0,1.6,no_additive,0.0,no_additive,0.0,,,170.0,,,,60.8,170.0,170.0,,
93.0,7.0,4400000.0,2750000.0,1.6,no_additive,0.0,no_additive,0.0,,,170.0,,,,60.6,170.0,170.0,,
100.0,0.0,760000.0,250000.0,3.04,no_additive,0.0,no_additive,0.0,3.2,,150.0,,235.0,86.9,59.5,150.0,150.0,,
100.0,0.0,760000.0,250000.0,3.04,reinforcment_and_stiffening_modifiers,1.0,no_additive,0.0,9.3,,152.0,,249.0,84.5,58.4,152.0,152.0,,
100.0,0.0,760000.0,250000.0,3.04,reinforcment_and_stiffening_modifiers,2.0,no_additive,0.0,2.1,,156.0,,235.0,85.8,46.2,156.0,156.0,,
100.0,0.0,760000.0,250000.0,3.04,reinforcment_and_stiffening_modifiers,5.0,no_additive,0.0,1.9,,152.0,,238.0,81.2,49.3,152.0,152.0,,
100.0,0.0,760000.0,250000.0,3.04,reinforcment_and_stiffening_modifiers,10.0,no_additive,0.0,-2.3,,146.0,,241.0,71.4,33.3,146.0,146.0,,
100.0,0.0,760000.0,250000.0,3.04,reinforcment_and_stiffening_modifiers,20.0,no_additive,0.0,-1.0,,147.0,,230.0,69.7,27.1,147.0,147.0,,
89.8,10.2,670000.0,152968.03652968036,4.38,no_additive,0.0,no_additive,0.0,-1.0,75.0,169.0,,,41.9,,169.0,169.0,75.0,75.0
81.9,18.1,560000.0,141772.15189873418,3.95,no_additive,0.0,no_additive,0.0,-3.0,80.0,161.0,,,35.3,,161.0,161.0,80.0,80.0
92.5,7.5,690000.0,158256.88073394494,4.36,no_additive,0.0,no_additive,0.0,-3.0,70.0,174.0,,,68.7,,174.0,174.0,70.0,70.0
92.7,7.3,710000.0,191891.8918918919,3.7,no_additive,0.0,no_additive,0.0,,60.0,172.0,,,63.3,,172.0,172.0,60.0,60.0
48.0,52.0,,,,no_additive,0.0,no_additive,0.0,,,124.0,156.0,274.0,,,140.0,156.0,,
58.0,42.0,,,,no_additive,0.0,no_additive,0.0,,,129.0,163.0,266.0,,,146.0,163.0,,
42.0,58.0,,,,no_additive,0.0,no_additive,0.0,,,122.0,152.0,279.0,,,137.0,152.0,,
51.0,49.0,,,,no_additive,0.0,no_additive,0.0,,,126.0,159.0,261.0,,,142.5,159.0,,
100.0,0.0,,,,no_additive,0.0,no_additive,0.0,,,,172.0,287.0,,,172.0,172.0,,
100.0,0.0,426000.0,,,no_additive,0.0,no_additive,0.0,,,174.8,,246.7,75.8,51.9,174.8,174.8,,
100.0,0.0,426000.0,,,plasticizers_and_flexibility_enhancers,5.0,no_additive,0.0,,,172.5,,272.3,65.3,47.0,172.5,172.5,,
100.0,0.0,426000.0,,,plasticizers_and_flexibility_enhancers,10.0,no_additive,0.0,,,171.2,,274.7,61.4,46.3,171.2,171.2,,
100.0,0.0,426000.0,,,plasticizers_and_flexibility_enhancers,5.0,no_additive,0.0,,,172.7,,277.0,66.1,47.5,172.7,172.7,,
100.0,0.0,426000.0,,,plasticizers_and_flexibility_enhancers,10.0,no_additive,0.0,,,172.2,,272.3,63.3,47.7,172.2,172.2,,
100.0,0.0,426000.0,,,plasticizers_and_flexibility_enhancers,15.0,no_additive,0.0,,,,,,,,,,,
100.0,0.0,426000.0,,,plasticizers_and_flexibility_enhancers,20.0,no_additive,0.0,,,,,,,,,,,
100.0,0.0,426000.0,,,plasticizers_and_flexibility_enhancers,15.0,no_additive,0.0,,,,,,,,,,,
100.0,0.0,426000.0,,,plasticizers_and_flexibility_enhancers,20.0,no_additive,0.0,,,,,,,,,,,
93.0,7.0,296000.0,,,no_additive,0.0,no_additive,0.0,,,152.6,,235.0,64.6,,152.6,152.6,,
93.0,7.0,296000.0,,,plasticizers_and_flexibility_enhancers,50.0,no_additive,0.0,,,150.6,,158.0,71.7,,150.6,150.6,,
93.0,7.0,296000.0,,,plasticizers_and_flexibility_enhancers,50.0,no_additive,0.0,,,153.4,,163.0,77.7,,153.4,153.4,,
93.0,7.0,296000.0,,,plasticizers_and_flexibility_enhancers,50.0,no_additive,0.0,,,150.2,,227.0,74.5,,150.2,150.2,,
93.0,7.0,296000.0,,,plasticizers_and_flexibility_enhancers,30.0,no_additive,0.0,,,,,,,,,,,
93.0,7.0,296000.0,,,plasticizers_and_flexibility_enhancers,30.0,no_additive,0.0,,,,,,,,,,,
93.0,7.0,296000.0,,,plasticizers_and_flexibility_enhancers,30.0,no_additive,0.0,,,,,,,,,,,
100.0,0.0,,,,no_additive,0.0,no_additive,0.0,,,174.7,,,45.1,30.9,174.7,174.7,,
100.0,0.0,,,,reinforcment_and_stiffening_modifiers,10.0,no_additive,0.0,,,174.7,,,39.1,29.7,174.7,174.7,,
100.0,0.0,,,,reinforcment_and_stiffening_modifiers,20.0,no_additive,0.0,,,174.4,,,34.8,29.8,174.4,174.4,,
100.0,0.0,,,,reinforcment_and_stiffening_modifiers,10.0,no_additive,0.0,,,174.6,,,41.6,31.6,174.6,174.6,,
100.0,0.0,,,,reinforcment_and_stiffening_modifiers,20.0,no_additive,0.0,,,175.1,,,38.2,32.7,175.1,175.1,,
100.0,0.0,,,,reinforcment_and_stiffening_modifiers,10.0,no_additive,0.0,,,175.2,,,42.8,32.5,175.2,175.2,,
100.0,0.0,,,,reinforcment_and_stiffening_modifiers,20.0,no_additive,0.0,,,174.9,,,38.7,33.2,174.9,174.9,,
98.0,2.0,,,,no_additive,0.0,no_additive,0.0,,117.4,171.5,,266.5,83.8,,171.5,171.5,117.4,117.4
98.0,2.0,,,,biofunctional_and_enviromental_additives,0.5,no_additive,0.0,,118.6,171.4,,241.5,74.1,,171.4,171.4,118.6,118.6
98.0,2.0,,,,biofunctional_and_enviromental_additives,1.0,no_additive,0.0,,119.1,171.9,,232.7,70.9,,171.9,171.9,119.1,119.1
98.0,2.0,,,,biofunctional_and_enviromental_additives,1.5,no_additive,0.0,,118.5,171.2,,234.2,71.7,,171.2,171.2,118.5,118.5
98.0,2.0,,,,biofunctional_and_enviromental_additives,2.0,no_additive,0.0,,117.5,170.3,,240.0,77.4,,170.3,170.3,117.5,117.5
98.0,2.0,,,,biofunctional_and_enviromental_additives,5.0,no_additive,0.0,,118.6,172.7,,240.6,70.1,,172.7,172.7,118.6,118.6
98.0,2.0,,,,biofunctional_and_enviromental_additives,10.0,no_additive,0.0,,119.6,171.1,,237.0,65.1,,171.1,171.1,119.6,119.6
82.0,18.0,420000.0,,,no_additive,0.0,no_additive,0.0,-2.0,36.0,169.0,,,64.0,,169.0,169.0,36.0,36.0
82.0,18.0,420000.0,,,reinforcment_and_stiffening_modifiers,20.0,no_additive,0.0,-3.0,36.0,167.0,,,49.0,,167.0,167.0,36.0,36.0
82.0,18.0,420000.0,,,reinforcment_and_stiffening_modifiers,40.0,no_additive,0.0,-2.0,38.0,166.0,,,38.0,,166.0,166.0,38.0,38.0
82.0,18.0,420000.0,,,reinforcment_and_stiffening_modifiers,50.0,no_additive,0.0,-2.0,38.0,165.0,,,31.0,,165.0,165.0,38.0,38.0
80.0,20.0,,,,no_additive,0.0,no_additive,0.0,,,,,251.5,,,,,,
80.0,20.0,,,,biofunctional_and_enviromental_additives,10.0,no_additive,0.0,,,,,197.0,,,,,,
80.0,20.0,,,,biofunctional_and_enviromental_additives,10.0,no_additive,0.0,,,,,248.5,,,,,,
80.0,20.0,,,,biofunctional_and_enviromental_additives,10.0,no_additive,0.0,,,,,249.3,,,,,,
68.0,32.0,530000.0,135897.4358974359,3.9,no_additive,0.0,no_additive,0.0,,,,,,,,,,,
68.0,32.0,510000.0,115909.0909090909,4.4,no_additive,0.0,no_additive,0.0,,,,,,,,,,,
70.0,30.0,540000.0,142105.26315789475,3.8,no_additive,0.0,no_additive,0.0,,,,,,,,,,,
70.0,30.0,590000.0,143902.43902439025,4.1,no_additive,0.0,no_additive,0.0,,,,,,,,,,,
83.0,17.0,630000.0,143181.81818181818,4.4,no_additive,0.0,no_additive,0.0,,,161.7,173.9,,,,167.8,173.9,,
87.0,13.0,590000.0,190322.58064516127,3.1,no_additive,0.0,no_additive,0.0,,,157.7,168.2,,,,162.95,168.2,,
98.0,2.0,280000.0,,,no_additive,0.0,no_additive,0.0,1.6,,174.5,,243.3,85.2,,174.5,174.5,122.7,122.7
80.0,20.0,551000.0,311299.4350282486,1.77,no_additive,0.0,no_additive,0.0,,82.3,128.0,153.8,227.5,49.8,45.0,140.9,153.8,82.3,82.3
60.0,40.0,483000.0,139595.37572254337,3.46,no_additive,0.0,no_additive,0.0,,41.2,152.6,,206.0,6.3,37.0,152.6,152.6,61.2,81.2
40.0,60.0,546000.0,186986.301369863,2.92,no_additive,0.0,no_additive,0.0,,41.4,131.0,,214.1,1.2,47.0,131.0,131.0,41.4,41.4
100.0,0.0,1436000.0,316299.55947136565,4.54,no_additive,0.0,no_additive,0.0,,,174.18,,,50.36,,174.18,174.18,,
100.0,0.0,1708000.0,449473.68421052635,3.8,no_additive,0.0,no_additive,0.0,,,171.37,,,36.03,,171.37,171.37,,
100.0,0.0,2122000.0,693464.0522875817,3.06,no_additive,0.0,no_additive,0.0,,,179.82,,,56.27,,179.82,179.82,,
100.0,0.0,1589000.0,407435.89743589744,3.9,no_additive,0.0,no_additive,0.0,,,175.34,,,28.3,,175.34,175.34,,
97.5,2.5,,,,no_additive,0.0,no_additive,0.0,2.6,116.8,170.4,,259.9,83.2,,170.4,170.4,116.8,116.8
97.5,2.5,,,,reinforcment_and_stiffening_modifiers,2.5,no_additive,0.0,2.6,117.8,169.9,,250.8,85.7,,169.9,169.9,117.8,117.8
97.5,2.5,,,,reinforcment_and_stiffening_modifiers,5.0,no_additive,0.0,2.3,118.1,170.1,,245.3,86.2,,170.1,170.1,118.1,118.1
97.5,2.5,,,,reinforcment_and_stiffening_modifiers,7.5,no_additive,0.0,2.4,118.2,171.7,,245.3,87.4,,171.7,171.7,118.2,118.2
97.5,2.5,,,,reinforcment_and_stiffening_modifiers,10.0,no_additive,0.0,2.3,118.9,170.2,,240.7,89.7,,170.2,170.2,118.9,118.9
97.5,2.5,,,,reinforcment_and_stiffening_modifiers,15.0,no_additive,0.0,2.2,120.5,170.1,,230.0,100.6,,170.1,170.1,120.5,120.5
97.5,2.5,,,,reinforcment_and_stiffening_modifiers,20.0,no_additive,0.0,2.5,116.9,169.0,,215.2,67.9,,169.0,169.0,116.9,116.9
97.5,2.5,,,,reinforcment_and_stiffening_modifiers,1.25,biofunctional_and_enviromental_additives,1.25,1.8,116.7,169.0,,259.8,77.4,,169.0,169.0,116.7,116.7
97.5,2.5,,,,reinforcment_and_stiffening_modifiers,2.5,biofunctional_and_enviromental_additives,2.5,1.4,116.4,167.4,,251.7,74.9,,167.4,167.4,116.4,116.4
97.5,2.5,,,,reinforcment_and_stiffening_modifiers,3.75,biofunctional_and_enviromental_additives,3.75,1.5,118.5,168.8,,248.0,72.3,,168.8,168.8,118.5,118.5
97.5,2.5,,,,reinforcment_and_stiffening_modifiers,5.0,biofunctional_and_enviromental_additives,5.0,1.3,114.9,165.4,,247.1,66.8,,165.4,165.4,114.9,114.9
97.5,2.5,,,,reinforcment_and_stiffening_modifiers,7.5,biofunctional_and_enviromental_additives,7.5,0.9,113.9,163.4,,215.2,50.3,,163.4,163.4,113.9,113.9
97.5,2.5,,,,reinforcment_and_stiffening_modifiers,10.0,biofunctional_and_enviromental_additives,10.0,0.6,113.8,160.5,168.6,205.1,47.4,,164.55,168.6,113.8,113.8
100.0,0.0,440000.0,260000.0,1.6923076923076923,no_additive,0.0,no_additive,0.0,3.0,,172.0,,,92.0,63.0,172.0,172.0,,
100.0,0.0,440000.0,260000.0,1.6923076923076923,reinforcment_and_stiffening_modifiers,10.0,no_additive,0.0,7.0,,174.0,,,90.0,68.8,174.0,174.0,,
100.0,0.0,440000.0,260000.0,1.6923076923076923,reinforcment_and_stiffening_modifiers,20.0,no_additive,0.0,9.0,,173.0,,,85.0,72.5,173.0,173.0,,
100.0,0.0,440000.0,260000.0,1.6923076923076923,reinforcment_and_stiffening_modifiers,40.0,no_additive,0.0,15.0,,170.0,,,78.0,88.0,170.0,170.0,,
100.0,0.0,440000.0,260000.0,1.6923076923076923,reinforcment_and_stiffening_modifiers,50.0,no_additive,0.0,18.0,,167.0,,,34.0,46.0,167.0,167.0,,
100.0,0.0,,,,no_additive,0.0,no_additive,0.0,5.66,82.85,,172.0,,,,172.0,172.0,82.85,82.85
100.0,0.0,,,,biofunctional_and_enviromental_additives,3.0,no_additive,0.0,4.94,84.37,167.73,172.89,,,,170.31,172.89,84.37,84.37
100.0,0.0,,,,biofunctional_and_enviromental_additives,3.0,no_additive,0.0,4.05,77.33,166.79,172.86,,,,169.825,172.86,77.33,77.33
100.0,0.0,,,,biofunctional_and_enviromental_additives,3.0,no_additive,0.0,4.65,69.49,167.14,172.85,,,,169.995,172.85,69.49,69.49
98.0,2.0,,,,no_additive,0.0,no_additive,0.0,,126.0,175.0,,270.5,,62.0,175.0,175.0,126.0,126.0
98.0,2.0,,,,reinforcment_and_stiffening_modifiers,5.0,no_additive,0.0,,125.0,175.0,,266.0,,62.0,175.0,175.0,125.0,125.0
98.0,2.0,,,,reinforcment_and_stiffening_modifiers,15.0,no_additive,0.0,,123.0,174.0,,256.0,,64.0,174.0,174.0,123.0,123.0
98.0,2.0,,,,reinforcment_and_stiffening_modifiers,30.0,no_additive,0.0,,121.0,173.0,,250.5,,63.0,173.0,173.0,121.0,121.0
98.0,2.0,,,,reinforcment_and_stiffening_modifiers,15.0,no_additive,0.0,,121.0,174.0,,257.5,,63.0,174.0,174.0,121.0,121.0
98.0,2.0,,,,reinforcment_and_stiffening_modifiers,15.0,no_additive,0.0,,119.0,172.0,,251.5,,62.0,172.0,172.0,119.0,119.0
98.0,2.0,,,,reinforcment_and_stiffening_modifiers,15.0,no_additive,0.0,,120.0,174.0,,255.5,,63.0,174.0,174.0,120.0,120.0
98.0,2.0,,,,reinforcment_and_stiffening_modifiers,15.0,no_additive,0.0,,122.0,174.0,,257.0,,66.0,174.0,174.0,122.0,122.0
98.0,2.0,,,,reinforcment_and_stiffening_modifiers,15.0,no_additive,0.0,,122.0,174.0,,257.5,,65.0,174.0,174.0,122.0,122.0
98.0,2.0,,,,reinforcment_and_stiffening_modifiers,15.0,no_additive,0.0,,123.0,175.0,,261.5,,65.0,175.0,175.0,123.0,123.0
92.0,8.0,296000.0,,,no_additive,0.0,no_additive,0.0,,,,,,,,,,,
92.0,8.0,296000.0,,,plasticizers_and_flexibility_enhancers,10.0,no_additive,0.0,,,,,,,,,,,
92.0,8.0,296000.0,,,plasticizers_and_flexibility_enhancers,30.0,no_additive,0.0,,,,,,,,,,,
92.0,8.0,296000.0,,,plasticizers_and_flexibility_enhancers,50.0,no_additive,0.0,,,,,,,,,,,
100.0,0.0,117869.0,49078.0,2.4016667345857616,no_additive,0.0,no_additive,0.0,-1.3,,167.8,,265.5,74.1,50.8,167.8,167.8,,
100.0,0.0,117869.0,49078.0,2.4016667345857616,reinforcment_and_stiffening_modifiers,5.0,no_additive,0.0,0.2,,167.7,,265.1,71.3,48.8,167.7,167.7,,
100.0,0.0,117869.0,49078.0,2.4016667345857616,reinforcment_and_stiffening_modifiers,7.0,no_additive,0.0,1.3,,168.6,,267.5,65.1,44.6,168.6,168.6,,
100.0,0.0,117869.0,49078.0,2.4016667345857616,reinforcment_and_stiffening_modifiers,9.0,no_additive,0.0,2.0,,169.2,,266.5,62.3,42.7,169.2,169.2,,
98.0,2.0,,,,no_additive,0.0,no_additive,0.0,,117.2,173.2,170.3,219.32,106.9,49.0,171.75,173.2,117.2,117.2
98.0,2.0,,,,reinforcment_and_stiffening_modifiers,3.0,no_additive,0.0,,113.5,172.1,169.7,250.32,97.8,48.0,170.89999999999998,172.1,113.5,113.5
98.0,2.0,,,,reinforcment_and_stiffening_modifiers,9.0,no_additive,0.0,,109.9,172.0,168.8,266.64,109.3,46.0,170.4,172.0,109.9,109.9
98.0,2.0,,,,reinforcment_and_stiffening_modifiers,18.0,no_additive,0.0,,109.4,171.2,170.3,223.38,91.7,42.0,170.75,171.2,109.4,109.4
98.0,2.0,,,,reinforcment_and_stiffening_modifiers,3.0,no_additive,0.0,,113.1,173.2,171.5,255.24,94.8,50.0,172.35,173.2,113.1,113.1
98.0,2.0,,,,reinforcment_and_stiffening_modifiers,9.0,no_additive,0.0,,111.5,172.5,168.6,249.58,75.6,48.0,170.55,172.5,111.5,111.5
98.0,2.0,,,,reinforcment_and_stiffening_modifiers,18.0,no_additive,0.0,,111.0,171.3,168.2,251.64,95.9,45.0,169.75,171.3,111.0,111.0
92.0,8.0,443000.0,,,no_additive,0.0,no_additive,0.0,4.5,91.0,170.0,,,,64.3,170.0,170.0,91.0,91.0
92.0,8.0,443000.0,,,reinforcment_and_stiffening_modifiers,0.5,no_additive,0.0,5.7,109.0,166.0,,,,60.8,166.0,166.0,109.0,109.0
92.0,8.0,443000.0,,,reinforcment_and_stiffening_modifiers,10.0,no_additive,0.0,5.5,93.0,168.0,174.0,,,62.4,171.0,174.0,93.0,93.0
92.0,8.0,443000.0,,,reinforcment_and_stiffening_modifiers,1.0,reinforcment_and_stiffening_modifiers,10.0,6.3,114.0,167.0,171.0,,,56.2,169.0,171.0,114.0,114.0
92.0,8.0,443000.0,,,reinforcment_and_stiffening_modifiers,1.5,reinforcment_and_stiffening_modifiers,10.0,7.0,112.0,167.0,171.0,,,55.8,169.0,171.0,112.0,112.0
92.0,8.0,443000.0,,,reinforcment_and_stiffening_modifiers,2.0,reinforcment_and_stiffening_modifiers,10.0,7.1,111.0,164.0,167.0,,,52.4,165.5,167.0,111.0,111.0
92.0,8.0,443000.0,,,reinforcment_and_stiffening_modifiers,3.0,reinforcment_and_stiffening_modifiers,10.0,6.7,111.0,166.0,171.0,,,53.9,168.5,171.0,111.0,111.0
100.0,0.0,550000.0,,,no_additive,0.0,no_additive,0.0,,108.6,154.1,162.4,231.6,,46.1,158.25,162.4,108.6,108.6
100.0,0.0,550000.0,,,plasticizers_and_flexibility_enhancers,10.0,no_additive,0.0,,105.7,154.4,162.7,235.0,,46.3,158.55,162.7,105.7,105.7
100.0,0.0,550000.0,,,plasticizers_and_flexibility_enhancers,20.0,no_additive,0.0,,106.3,152.6,164.2,243.8,,48.1,158.39999999999998,164.2,106.3,106.3
100.0,0.0,550000.0,,,reinforcment_and_stiffening_modifiers,5.0,no_additive,0.0,,108.3,152.0,162.9,223.0,,47.7,157.45,162.9,108.3,108.3
100.0,0.0,550000.0,,,plasticizers_and_flexibility_enhancers,10.0,reinforcment_and_stiffening_modifiers,5.0,,108.4,155.3,163.3,222.8,,47.5,159.3,163.3,108.4,108.4
100.0,0.0,,,,reinforcment_and_stiffening_modifiers,10.0,no_additive,0.0,7.6,69.0,177.0,,,71.1,,177.0,177.0,69.0,69.0
100.0,0.0,,,,reinforcment_and_stiffening_modifiers,20.0,no_additive,0.0,10.0,74.0,175.0,,,64.2,,175.0,175.0,74.0,74.0
100.0,0.0,,,,reinforcment_and_stiffening_modifiers,30.0,no_additive,0.0,11.6,81.0,175.0,,,53.1,,175.0,175.0,81.0,81.0
100.0,0.0,,,,reinforcment_and_stiffening_modifiers,10.0,no_additive,0.0,4.3,63.0,170.0,,,75.4,,170.0,170.0,63.0,63.0
100.0,0.0,,,,reinforcment_and_stiffening_modifiers,20.0,no_additive,0.0,2.4,75.0,161.0,,,66.7,,161.0,161.0,75.0,75.0
100.0,0.0,,,,reinforcment_and_stiffening_modifiers,30.0,no_additive,0.0,1.8,80.0,156.0,,,52.7,,156.0,156.0,80.0,80.0
100.0,0.0,650000.0,290178.5714285714,2.24,no_additive,0.0,no_additive,0.0,,,173.4,,,86.5,59.2,173.4,173.4,,
100.0,0.0,650000.0,290178.5714285714,2.24,nucleating_agent,1.0,no_additive,0.0,,,175.4,,,87.3,59.8,175.4,175.4,,
88.0,12.0,360000.0,169014.08450704225,2.13,no_additive,0.0,no_additive,0.0,,,136.6,151.2,,52.3,35.8,143.89999999999998,151.2,,
88.0,12.0,360000.0,169014.08450704225,2.13,nucleating_agent,1.0,no_additive,0.0,,,143.6,154.4,,56.5,38.7,149.0,154.4,,
88.0,12.0,360000.0,169014.08450704225,2.13,nucleating_agent,1.0,no_additive,0.0,,,141.7,153.4,,54.6,37.4,147.55,153.4,,
88.0,12.0,360000.0,169014.08450704225,2.13,nucleating_agent,1.0,no_additive,0.0,,,141.9,153.5,,53.9,36.9,147.7,153.5,,
88.0,12.0,360000.0,169014.08450704225,2.13,nucleating_agent,1.0,no_additive,0.0,,,143.1,154.1,,55.0,37.7,148.6,154.1,,
92.0,8.0,443000.0,,,no_additive,0.0,no_additive,0.0,,91.0,,170.0,,,64.3,170.0,170.0,91.0,91.0
92.0,8.0,443000.0,,,reinforcment_and_stiffening_modifiers,30.0,no_additive,0.0,,71.0,163.0,172.0,,,62.3,167.5,172.0,71.0,71.0
92.0,8.0,443000.0,,,reinforcment_and_stiffening_modifiers,30.0,no_additive,0.0,,60.0,160.0,170.0,,,64.2,165.0,170.0,60.0,60.0
92.0,8.0,443000.0,,,reinforcment_and_stiffening_modifiers,30.0,no_additive,0.0,,66.0,158.0,170.0,,,64.8,164.0,170.0,66.0,66.0
92.0,8.0,443000.0,,,reinforcment_and_stiffening_modifiers,30.0,no_additive,0.0,,71.0,158.0,170.0,,,64.8,164.0,170.0,71.0,71.0
92.0,8.0,443000.0,,,reinforcment_and_stiffening_modifiers,30.0,no_additive,0.0,,77.0,167.0,174.0,,,64.5,170.5,174.0,77.0,77.0
92.0,8.0,443000.0,,,reinforcment_and_stiffening_modifiers,30.0,no_additive,0.0,,80.0,165.0,172.0,,,62.4,168.5,172.0,80.0,80.0
92.0,8.0,443000.0,,,reinforcment_and_stiffening_modifiers,30.0,no_additive,0.0,,75.0,165.0,172.0,,,65.6,168.5,172.0,75.0,75.0
92.0,8.0,443000.0,,,reinforcment_and_stiffening_modifiers,30.0,no_additive,0.0,,73.0,163.0,171.0,,,66.1,167.0,171.0,73.0,73.0
92.0,8.0,443000.0,,,reinforcment_and_stiffening_modifiers,30.0,no_additive,0.0,,77.0,163.0,172.0,,,65.2,167.5,172.0,77.0,77.0
92.0,8.0,443000.0,,,reinforcment_and_stiffening_modifiers,30.0,no_additive,0.0,,81.0,168.0,174.0,,,62.9,171.0,174.0,81.0,81.0
91.0,11.0,690000.0,,,no_additive,0.0,no_additive,0.0,,,,,,,,,,,
91.0,11.0,690000.0,,,reinforcment_and_stiffening_modifiers,20.0,no_additive,0.0,,,,,,,,,,,
100.0,0.0,550000.0,,,no_additive,0.0,no_additive,0.0,,113.0,163.9,168.3,,74.6,51.1,166.10000000000002,168.3,113.0,113.0
100.0,0.0,550000.0,,,plasticizers_and_flexibility_enhancers,5.0,no_additive,0.0,,113.7,164.5,168.6,,72.4,52.2,166.55,168.6,113.7,113.7
100.0,0.0,550000.0,,,plasticizers_and_flexibility_enhancers,5.0,no_additive,0.0,,113.3,163.5,167.8,,72.8,52.5,165.65,167.8,113.3,113.3
100.0,0.0,550000.0,,,plasticizers_and_flexibility_enhancers,5.0,no_additive,0.0,,108.3,164.2,168.1,,70.4,50.8,166.14999999999998,168.1,108.3,108.3
100.0,0.0,550000.0,,,plasticizers_and_flexibility_enhancers,5.0,no_additive,0.0,,111.6,162.0,167.0,,71.6,51.6,164.5,167.0,111.6,111.6
100.0,0.0,550000.0,,,plasticizers_and_flexibility_enhancers,10.0,no_additive,0.0,,115.3,167.2,171.6,,74.3,56.5,169.39999999999998,171.6,115.3,115.3
100.0,0.0,550000.0,,,plasticizers_and_flexibility_enhancers,10.0,no_additive,0.0,,112.5,161.9,168.8,,66.4,50.5,165.35000000000002,168.8,112.5,112.5
100.0,0.0,550000.0,,,plasticizers_and_flexibility_enhancers,10.0,no_additive,0.0,,112.0,162.3,168.7,,71.0,54.0,165.5,168.7,112.0,112.0
100.0,0.0,550000.0,,,plasticizers_and_flexibility_enhancers,10.0,no_additive,0.0,,108.0,157.9,165.0,,64.1,48.9,161.45,165.0,108.0,108.0
100.0,0.0,1700000.0,890000.0,1.91,no_additive,0.0,no_additive,0.0,-4.5,96.0,170.3,,,39.8,27.3,170.3,170.3,96.0,96.0
100.0,0.0,1200000.0,580000.0,2.07,no_additive,0.0,no_additive,0.0,-0.8,98.5,172.3,,,40.9,28.0,172.3,172.3,98.5,98.5
100.0,0.0,1600000.0,750000.0,2.13,no_additive,0.0,no_additive,0.0,3.0,97.7,171.3,,,68.7,47.0,171.3,171.3,97.7,97.7
100.0,0.0,2500000.0,1180000.0,2.12,no_additive,0.0,no_additive,0.0,2.0,91.5,174.0,,,63.9,43.8,174.0,174.0,91.5,91.5
100.0,0.0,1300000.0,720000.0,1.81,no_additive,0.0,no_additive,0.0,-3.8,97.6,169.2,,,37.3,25.5,169.2,169.2,97.6,97.6
100.0,0.0,1000000.0,560000.0,1.79,no_additive,0.0,no_additive,0.0,-3.4,94.1,170.0,,,40.1,27.5,170.0,170.0,94.1,94.1
100.0,0.0,1800000.0,940000.0,1.91,no_additive,0.0,no_additive,0.0,3.4,91.2,172.0,,,67.6,46.3,172.0,172.0,91.2,91.2
100.0,0.0,2000000.0,1090000.0,1.83,no_additive,0.0,no_additive,0.0,2.0,89.2,172.5,,,64.2,44.0,172.5,172.5,89.2,89.2
100.0,0.0,1400000.0,650000.0,2.15,no_additive,0.0,no_additive,0.0,-0.9,89.3,170.0,,,37.2,25.5,170.0,170.0,89.3,89.3
100.0,0.0,2200000.0,880000.0,2.5,no_additive,0.0,no_additive,0.0,-2.3,90.1,172.2,,,48.5,33.2,172.2,172.2,90.1,90.1
100.0,0.0,2200000.0,970000.0,2.27,no_additive,0.0,no_additive,0.0,2.2,87.7,171.9,,,44.6,30.5,171.9,171.9,87.7,87.7
100.0,0.0,2400000.0,990000.0,2.42,no_additive,0.0,no_additive,0.0,2.1,90.0,172.7,,,57.6,39.5,172.7,172.7,90.0,90.0
100.0,0.0,1900000.0,970000.0,1.96,no_additive,0.0,no_additive,0.0,-0.2,89.5,171.7,,,37.8,25.9,171.7,171.7,89.5,89.5
100.0,0.0,2500000.0,1400000.0,1.79,no_additive,0.0,no_additive,0.0,1.9,90.2,173.6,,,54.0,37.0,173.6,173.6,90.2,90.2
100.0,0.0,2700000.0,1600000.0,1.69,no_additive,0.0,no_additive,0.0,3.7,91.7,174.1,,,59.7,40.9,174.1,174.1,91.7,91.7
100.0,0.0,2800000.0,1700000.0,1.65,no_additive,0.0,no_additive,0.0,4.1,91.4,175.2,,,60.3,41.3,175.2,175.2,91.4,91.4
22.9,77.1,286000.0,114400.0,2.5,no_additive,0.0,no_additive,0.0,-3.7,104.2,150.8,162.3,,20.1,,156.55,162.3,104.2,104.2
22.9,77.1,286000.0,114400.0,2.5,reinforcment_and_stiffening_modifiers,1.0,no_additive,0.0,-2.6,100.8,149.4,161.7,,18.3,,155.55,161.7,100.8,100.8
22.9,77.1,286000.0,114400.0,2.5,reinforcment_and_stiffening_modifiers,5.0,no_additive,0.0,-2.2,96.0,148.2,161.4,,15.6,,154.8,161.4,96.0,96.0
22.9,77.1,286000.0,114400.0,2.5,reinforcment_and_stiffening_modifiers,10.0,no_additive,0.0,-1.5,107.2,151.1,161.9,,20.5,,156.5,161.9,107.2,107.2
100.0,0.0,,,,no_additive,0.0,no_additive,0.0,,117.2,169.6,,259.0,93.9,64.3,169.6,169.6,117.2,117.2
100.0,0.0,,,,reinforcment_and_stiffening_modifiers,10.0,no_additive,0.0,,118.2,168.3,,251.0,86.3,65.0,168.3,168.3,118.2,118.2
100.0,0.0,,,,reinforcment_and_stiffening_modifiers,10.0,no_additive,0.0,,117.7,169.7,,259.0,86.3,65.0,169.7,169.7,117.7,117.7
100.0,0.0,,,,reinforcment_and_stiffening_modifiers,10.0,no_additive,0.0,,115.9,168.5,,255.0,85.0,64.1,168.5,168.5,115.9,115.9
100.0,0.0,,,,reinforcment_and_stiffening_modifiers,10.0,no_additive,0.0,,116.8,169.9,,259.0,86.3,65.0,169.9,169.9,116.8,116.8
100.0,0.0,890000.0,462000.0,1.9264069264069263,no_additive,0.0,no_additive,0.0,3.9,47.4,175.0,,,87.4,,175.0,175.0,47.4,47.4
100.0,0.0,890000.0,462000.0,1.9264069264069263,reinforcment_and_stiffening_modifiers,5.0,no_additive,0.0,-8.3,40.0,143.9,,,73.2,,143.9,143.9,40.0,40.0
100.0,0.0,890000.0,462000.0,1.9264069264069263,reinforcment_and_stiffening_modifiers,5.0,no_additive,0.0,2.6,44.7,174.4,,,87.6,,174.4,174.4,44.7,44.7
100.0,0.0,890000.0,462000.0,1.9264069264069263,reinforcment_and_stiffening_modifiers,15.0,no_additive,0.0,4.8,44.4,173.3,,,84.3,,173.3,173.3,44.4,44.4
100.0,0.0,890000.0,462000.0,1.9264069264069263,reinforcment_and_stiffening_modifiers,30.0,no_additive,0.0,3.8,42.9,171.4,,,87.8,,171.4,171.4,42.9,42.9
100.0,0.0,543011.0,258576.0,2.1,no_additive,0.0,no_additive,0.0,4.14,,178.48,,,,,178.48,178.48,,
77.19,22.81,451633.0,209089.0,2.16,no_additive,0.0,no_additive,0.0,-2.37,,127.32,,,,,127.32,127.32,,
57.24,42.76,341620.0,168285.0,2.03,no_additive,0.0,no_additive,0.0,-5.6,,91.94,,,,,91.94,91.94,,
26.61,73.49,979101.0,443304.0,2.21,no_additive,0.0,no_additive,0.0,-12.12,,90.58,,,,,90.58,90.58,,
8.83,91.17,886485.0,464128.0,1.91,no_additive,0.0,no_additive,0.0,-14.83,,95.59,,,,,95.59,95.59,,
86.0,14.0,337028.0,171080.20304568528,1.97,no_additive,0.0,no_additive,0.0,,,145.5,,,,,145.5,145.5,,
86.0,14.0,337028.0,171080.20304568528,1.97,plasticizers_and_flexibility_enhancers,5.0,no_additive,0.0,,,140.4,,,,,140.4,140.4,,
86.0,14.0,337028.0,171080.20304568528,1.97,plasticizers_and_flexibility_enhancers,10.0,no_additive,0.0,,,141.0,,,,,141.0,141.0,,
86.0,14.0,337028.0,171080.20304568528,1.97,plasticizers_and_flexibility_enhancers,15.0,no_additive,0.0,,,140.0,,,,,140.0,140.0,,
86.0,14.0,337028.0,171080.20304568528,1.97,plasticizers_and_flexibility_enhancers,20.0,no_additive,0.0,,,137.3,,,,,137.3,137.3,,
86.0,14.0,337028.0,171080.20304568528,1.97,plasticizers_and_flexibility_enhancers,10.0,no_additive,0.0,,,140.0,,,,,140.0,140.0,,
86.0,14.0,337028.0,171080.20304568528,1.97,plasticizers_and_flexibility_enhancers,10.0,no_additive,0.0,,,140.0,,,,,140.0,140.0,,
92.0,8.0,,,,no_additive,0.0,no_additive,0.0,,126.63,175.89,,,74.6,51.1,175.89,175.89,126.63,126.63
92.0,8.0,,,,reinforcment_and_stiffening_modifiers,0.1,no_additive,0.0,,124.6,175.18,,,78.8,54.0,175.18,175.18,124.6,124.6
92.0,8.0,,,,reinforcment_and_stiffening_modifiers,0.5,no_additive,0.0,,125.72,172.98,,,87.5,60.2,172.98,172.98,125.72,125.72
92.0,8.0,,,,reinforcment_and_stiffening_modifiers,1.0,no_additive,0.0,,125.88,176.51,,,82.6,57.1,176.51,176.51,125.88,125.88
92.0,8.0,,,,reinforcment_and_stiffening_modifiers,3.0,no_additive,0.0,,125.92,176.99,,,81.5,57.5,176.99,176.99,125.92,125.92
92.0,8.0,,,,reinforcment_and_stiffening_modifiers,0.1,no_additive,0.0,,125.41,175.29,,,87.0,59.7,175.29,175.29,125.41,125.41
92.0,8.0,,,,reinforcment_and_stiffening_modifiers,0.5,no_additive,0.0,,124.93,174.13,,,82.9,57.1,174.13,174.13,124.93,124.93
92.0,8.0,,,,reinforcment_and_stiffening_modifiers,1.0,no_additive,0.0,,126.69,179.47,,,79.4,54.9,179.47,179.47,126.69,126.69
92.0,8.0,,,,reinforcment_and_stiffening_modifiers,3.0,no_additive,0.0,,125.68,176.29,,,69.3,48.9,176.29,176.29,125.68,125.68
90.9,9.1,1560000.0,1110000.0,1.41,no_additive,0.0,no_additive,0.0,2.25,,151.2,,,,47.81,151.2,151.2,,
69.9,30.1,1730000.0,1210000.0,1.43,no_additive,0.0,no_additive,0.0,-3.11,,140.4,,,,9.64,140.4,140.4,,
46.7,53.3,980000.0,710000.0,1.37,no_additive,0.0,no_additive,0.0,-10.1,,,,,,,,,,
66.7,33.3,2000000.0,1230000.0,1.63,no_additive,0.0,no_additive,0.0,-8.91,,141.3,,,,24.91,141.3,141.3,,
53.2,46.8,1470000.0,1120000.0,1.32,no_additive,0.0,no_additive,0.0,-7.34,,143.6,,,,13.79,143.6,143.6,,
98.0,2.0,,,,no_additive,0.0,no_additive,0.0,,,163.7,169.7,,94.42,71.53,166.7,169.7,,
98.0,2.0,,,,reinforcment_and_stiffening_modifiers,6.0,no_additive,0.0,,,160.0,166.2,,91.29,69.16,163.1,166.2,,
98.0,2.0,,,,reinforcment_and_stiffening_modifiers,6.0,no_additive,0.0,,,156.6,162.2,,83.8,63.5,159.39999999999998,162.2,,
97.0,3.0,280000.0,,,no_additive,0.0,no_additive,0.0,,,173.0,,,,59.0,173.0,173.0,,
97.0,3.0,280000.0,,,plasticizers_and_flexibility_enhancers,5.0,no_additive,0.0,,,171.0,,,,66.0,171.0,171.0,,
97.0,3.0,280000.0,,,plasticizers_and_flexibility_enhancers,10.0,no_additive,0.0,,,171.0,,,,63.0,171.0,171.0,,
97.0,3.0,280000.0,,,plasticizers_and_flexibility_enhancers,15.0,no_additive,0.0,,,171.0,,,,64.0,171.0,171.0,,
97.0,3.0,280000.0,,,plasticizers_and_flexibility_enhancers,17.0,no_additive,0.0,,,171.0,,,,66.0,171.0,171.0,,
97.0,3.0,280000.0,,,plasticizers_and_flexibility_enhancers,5.0,no_additive,0.0,,,170.0,,,,57.0,170.0,170.0,,
97.0,3.0,280000.0,,,plasticizers_and_flexibility_enhancers,10.0,no_additive,0.0,,,169.0,,,,59.0,169.0,169.0,,
97.0,3.0,280000.0,,,plasticizers_and_flexibility_enhancers,13.0,no_additive,0.0,,,170.0,,,,56.0,170.0,170.0,,
97.0,3.0,280000.0,,,plasticizers_and_flexibility_enhancers,5.0,no_additive,0.0,,,170.0,,,,59.0,170.0,170.0,,
97.0,3.0,280000.0,,,plasticizers_and_flexibility_enhancers,10.0,no_additive,0.0,,,167.0,,,,58.0,167.0,167.0,,
97.0,3.0,280000.0,,,plasticizers_and_flexibility_enhancers,15.0,no_additive,0.0,,,165.0,,,,54.0,165.0,165.0,,
97.0,3.0,280000.0,,,plasticizers_and_flexibility_enhancers,20.0,no_additive,0.0,,,164.0,,,,49.0,164.0,164.0,,
97.0,3.0,280000.0,,,plasticizers_and_flexibility_enhancers,5.0,no_additive,0.0,,,170.0,,,,56.0,170.0,170.0,,
97.0,3.0,280000.0,,,plasticizers_and_flexibility_enhancers,10.0,no_additive,0.0,,,173.0,,,,57.0,173.0,173.0,,
97.0,3.0,280000.0,,,plasticizers_and_flexibility_enhancers,13.0,no_additive,0.0,,,171.0,,,,55.0,171.0,171.0,,
97.0,3.0,280000.0,,,plasticizers_and_flexibility_enhancers,5.0,no_additive,0.0,,,170.0,,,,67.0,170.0,170.0,,
97.0,3.0,280000.0,,,plasticizers_and_flexibility_enhancers,10.0,no_additive,0.0,,,169.0,,,,62.0,169.0,169.0,,
97.0,3.0,280000.0,,,plasticizers_and_flexibility_enhancers,13.0,no_additive,0.0,,,169.0,,,,62.0,169.0,169.0,,
97.0,3.0,280000.0,,,plasticizers_and_flexibility_enhancers,5.0,no_additive,0.0,,,170.0,,,,58.0,170.0,170.0,,
97.0,3.0,280000.0,,,plasticizers_and_flexibility_enhancers,10.0,no_additive,0.0,,,169.0,,,,62.0,169.0,169.0,,
97.0,3.0,280000.0,,,plasticizers_and_flexibility_enhancers,15.0,no_additive,0.0,,,169.0,,,,61.0,169.0,169.0,,
97.0,3.0,280000.0,,,plasticizers_and_flexibility_enhancers,20.0,no_additive,0.0,,,170.0,,,,63.0,170.0,170.0,,
98.91,1.09,267000.0,,,no_additive,0.0,no_additive,0.0,,,170.7,,277.3,89.4,61.0,170.7,170.7,,
98.91,1.09,267000.0,,,reinforcment_and_stiffening_modifiers,1.0,no_additive,0.0,,,171.5,173.5,260.7,92.6,63.8,172.5,173.5,,
98.91,1.09,267000.0,,,reinforcment_and_stiffening_modifiers,3.0,no_additive,0.0,,,164.1,171.4,242.6,91.3,64.2,167.75,171.4,,
98.91,1.09,267000.0,,,reinforcment_and_stiffening_modifiers,5.0,no_additive,0.0,,,154.2,165.7,235.4,89.9,64.6,159.95,165.7,,
98.91,1.09,267000.0,,,reinforcment_and_stiffening_modifiers,10.0,no_additive,0.0,,,144.4,158.4,227.1,85.6,64.9,151.4,158.4,,
88.0,12.0,,,,no_additive,0.0,no_additive,0.0,,,145.0,157.0,,47.0,,151.0,157.0,,
88.0,12.0,,,,reinforcment_and_stiffening_modifiers,1.0,no_additive,0.0,,,139.0,154.0,,28.0,,146.5,154.0,,
88.0,12.0,,,,reinforcment_and_stiffening_modifiers,5.0,no_additive,0.0,,,137.0,153.0,,23.0,,145.0,153.0,,
88.0,12.0,,,,reinforcment_and_stiffening_modifiers,10.0,no_additive,0.0,,,140.0,155.0,,37.0,,147.5,155.0,,
82.13,17.87,,,,no_additive,0.0,no_additive,0.0,4.98,78.07,155.4,166.64,217.15,85.59,59.0,161.01999999999998,166.64,78.07,78.07
77.45,22.55,,,,no_additive,0.0,no_additive,0.0,4.95,83.93,149.89,160.77,222.52,83.93,57.0,155.32999999999998,160.77,83.93,83.93
43.35,56.65,,,,no_additive,0.0,no_additive,0.0,4.85,60.55,138.22,146.94,263.04,60.55,41.0,142.57999999999998,146.94,60.55,60.55
100.0,0.0,350000.0,,,no_additive,0.0,no_additive,0.0,,48.2,140.3,151.8,,86.1,59.0,146.05,151.8,48.2,48.2
100.0,0.0,350000.0,,,reinforcment_and_stiffening_modifiers,10.0,no_additive,0.0,,57.6,138.5,150.0,,73.7,56.1,144.25,150.0,57.6,57.6
100.0,0.0,350000.0,,,reinforcment_and_stiffening_modifiers,10.0,no_additive,0.0,,51.7,142.8,152.9,,83.9,63.8,147.85000000000002,152.9,51.7,51.7
100.0,0.0,350000.0,,,reinforcment_and_stiffening_modifiers,10.0,reinforcment_and_stiffening_modifiers,10.0,,55.2,141.2,152.0,,74.9,64.1,146.6,152.0,55.2,55.2
100.0,0.0,,,,no_additive,0.0,no_additive,0.0,,,169.8,,245.7,85.62,,169.8,169.8,,
100.0,0.0,,,,plasticizers_and_flexibility_enhancers,5.0,no_additive,0.0,,,170.1,,255.6,79.02,56.97,170.1,170.1,,
100.0,0.0,,,,plasticizers_and_flexibility_enhancers,4.95,reinforcment_and_stiffening_modifiers,1.0,,,,,258.8,,,,,,
100.0,0.0,,,,plasticizers_and_flexibility_enhancers,4.9,reinforcment_and_stiffening_modifiers,2.0,,,,,260.9,,,,,,
100.0,0.0,,,,plasticizers_and_flexibility_enhancers,4.75,reinforcment_and_stiffening_modifiers,5.0,,,170.7,,265.8,74.85,56.8,170.7,170.7,,
100.0,0.0,1416000.0,202285.7142857143,7.0,no_additive,0.0,no_additive,0.0,,101.0,171.0,177.0,254.0,,64.0,174.0,177.0,101.0,101.0
100.0,0.0,1416000.0,202285.7142857143,7.0,plasticizers_and_flexibility_enhancers,4.94,reinforcment_and_stiffening_modifiers,0.06,,97.0,171.0,177.0,261.0,,58.0,174.0,177.0,97.0,97.0
100.0,0.0,1416000.0,202285.7142857143,7.0,plasticizers_and_flexibility_enhancers,9.94,reinforcment_and_stiffening_modifiers,0.06,,91.0,173.0,178.0,261.0,,55.0,175.5,178.0,91.0,91.0
100.0,0.0,1416000.0,202285.7142857143,7.0,plasticizers_and_flexibility_enhancers,14.94,reinforcment_and_stiffening_modifiers,0.06,,96.0,172.0,178.0,264.0,,53.0,175.0,178.0,96.0,96.0
100.0,0.0,1416000.0,202285.7142857143,7.0,plasticizers_and_flexibility_enhancers,19.94,reinforcment_and_stiffening_modifiers,0.06,,87.0,172.0,177.0,273.0,,53.0,174.5,177.0,87.0,87.0
100.0,0.0,1416000.0,202285.7142857143,7.0,plasticizers_and_flexibility_enhancers,29.94,reinforcment_and_stiffening_modifiers,0.06,,78.0,169.0,177.0,277.0,,45.0,173.0,177.0,78.0,78.0
100.0,0.0,1416000.0,202285.7142857143,7.0,plasticizers_and_flexibility_enhancers,29.8,reinforcment_and_stiffening_modifiers,0.2,,,,,,,,,,,
100.0,0.0,1416000.0,202285.7142857143,7.0,plasticizers_and_flexibility_enhancers,29.5,reinforcment_and_stiffening_modifiers,0.5,,,,,,,,,,,
88.0,12.0,474000.0,193000.0,2.5,no_additive,0.0,no_additive,0.0,-1.3,,157.0,169.0,,58.3,53.4,163.0,169.0,,
88.0,12.0,474000.0,193000.0,2.5,plasticizers_and_flexibility_enhancers,5.0,no_additive,0.0,-12.7,,121.7,143.5,,51.1,46.9,132.6,143.5,,
88.0,12.0,474000.0,193000.0,2.5,plasticizers_and_flexibility_enhancers,10.0,no_additive,0.0,-13.6,,124.2,146.0,,51.1,46.9,135.1,146.0,,
88.0,12.0,474000.0,193000.0,2.5,plasticizers_and_flexibility_enhancers,15.0,no_additive,0.0,-10.9,,130.7,151.0,,45.8,42.1,140.85,151.0,,
88.0,12.0,474000.0,193000.0,2.5,plasticizers_and_flexibility_enhancers,20.0,no_additive,0.0,-12.9,,121.9,144.4,,40.9,37.6,133.15,144.4,,
88.0,12.0,474000.0,193000.0,2.5,plasticizers_and_flexibility_enhancers,30.0,no_additive,0.0,-10.7,,123.7,145.4,,40.0,36.7,134.55,145.4,,
88.0,12.0,474000.0,193000.0,2.5,plasticizers_and_flexibility_enhancers,40.0,no_additive,0.0,-15.4,,125.8,134.9,,29.0,26.6,130.35,134.9,,
100.0,0.0,,,,no_additive,0.0,no_additive,0.0,,,,,,,,,,,
100.0,0.0,,,,plasticizers_and_flexibility_enhancers,10.0,no_additive,0.0,,,,,,,,,,,
100.0,0.0,,,,plasticizers_and_flexibility_enhancers,20.0,no_additive,0.0,,,,,,,,,,,
100.0,0.0,,,,plasticizers_and_flexibility_enhancers,35.0,no_additive,0.0,,,,,,,,,,,
100.0,0.0,,,,plasticizers_and_flexibility_enhancers,50.0,no_additive,0.0,,,,,,,,,,,
100.0,0.0,500000.0,250000.0,2.0,no_additive,0.0,no_additive,0.0,,,176.0,,272.0,,,176.0,176.0,,
100.0,0.0,500000.0,250000.0,2.0,plasticizers_and_flexibility_enhancers,52.0,no_additive,0.0,-48.0,,52.0,174.0,285.0,,,113.0,174.0,,
100.0,0.0,,,,no_additive,0.0,no_additive,0.0,3.1,41.2,171.8,,,,,171.8,171.8,41.2,41.2
100.0,0.0,,,,plasticizers_and_flexibility_enhancers,42.0,no_additive,0.0,-27.3,58.6,173.8,,,,,173.8,173.8,58.6,58.6
100.0,0.0,,,,no_additive,0.0,no_additive,0.0,3.1,41.2,171.8,,,,,171.8,171.8,41.2,41.2
100.0,0.0,,,,plasticizers_and_flexibility_enhancers,15.8,plasticizers_and_flexibility_enhancers,12.7,-20.0,,166.5,,,,,166.5,166.5,,
100.0,0.0,890000.0,462000.0,1.92,no_additive,0.0,no_additive,0.0,5.9,,171.3,,272.4,99.5,68.0,171.3,171.3,,
100.0,0.0,477000.0,399200.0,1.19,no_additive,0.0,no_additive,0.0,3.9,,175.6,,236.7,96.0,65.0,175.6,175.6,,
100.0,0.0,350000.0,159100.0,2.2,no_additive,0.0,no_additive,0.0,-11.0,37.7,138.2,,200.3,50.1,30.0,138.2,138.2,37.7,37.7
100.0,0.0,477000.0,399200.0,1.19,plasticizers_and_flexibility_enhancers,5.0,no_additive,0.0,-9.3,,169.0,,222.3,75.4,51.6,169.0,169.0,,
100.0,0.0,477000.0,399200.0,1.19,plasticizers_and_flexibility_enhancers,5.0,no_additive,0.0,-6.4,,170.0,,217.1,80.2,55.0,170.0,170.0,,
100.0,0.0,477000.0,399200.0,1.19,plasticizers_and_flexibility_enhancers,2.5,plasticizers_and_flexibility_enhancers,2.5,-4.2,,172.0,,220.3,61.5,42.1,172.0,172.0,,
100.0,0.0,,,,no_additive,0.0,no_additive,0.0,10.0,,170.3,,,73.9,,170.3,170.3,,
100.0,0.0,,,,plasticizers_and_flexibility_enhancers,50.0,no_additive,0.0,11.9,,159.5,,,47.9,,159.5,159.5,,
100.0,0.0,,,,plasticizers_and_flexibility_enhancers,20.0,no_additive,0.0,16.3,,166.4,,,41.3,,166.4,166.4,,
100.0,0.0,550000.0,,,plasticizers_and_flexibility_enhancers,10.0,no_additive,0.0,,107.0,152.1,163.8,257.1,,46.0,157.95,163.8,107.0,107.0
100.0,0.0,550000.0,,,plasticizers_and_flexibility_enhancers,20.0,no_additive,0.0,,107.9,154.2,163.0,243.8,,50.9,158.6,163.0,107.9,107.9
100.0,0.0,550000.0,,,plasticizers_and_flexibility_enhancers,10.0,reinforcment_and_stiffening_modifiers,5.0,,108.3,155.9,163.4,224.4,,48.7,159.65,163.4,108.3,108.3
3.0,97.0,300000.0,,,no_additive,0.0,no_additive,0.0,,,,,,,,,,,
3.0,97.0,300000.0,,,plasticizers_and_flexibility_enhancers,0.1,no_additive,0.0,,,,,,,,,,,
3.0,97.0,300000.0,,,plasticizers_and_flexibility_enhancers,0.2,no_additive,0.0,,,,,,,,,,,
3.0,97.0,300000.0,,,plasticizers_and_flexibility_enhancers,0.3,no_additive,0.0,,,,,,,,,,,
3.0,97.0,300000.0,,,plasticizers_and_flexibility_enhancers,0.4,no_additive,0.0,,,,,,,,,,,
3.0,97.0,300000.0,,,plasticizers_and_flexibility_enhancers,0.5,no_additive,0.0,,,,,,,,,,,
3.0,97.0,300000.0,,,plasticizers_and_flexibility_enhancers,0.6,no_additive,0.0,,,,,,,,,,,
3.0,97.0,300000.0,,,plasticizers_and_flexibility_enhancers,0.7,no_additive,0.0,,,,,,,,,,,
100.0,0.0,,,,no_additive,0.0,no_additive,0.0,,74.4,166.6,173.8,242.6,,,170.2,173.8,74.4,74.4
100.0,0.0,,,,reinforcment_and_stiffening_modifiers,0.5,no_additive,0.0,,84.7,166.6,172.8,269.0,,,169.7,172.8,84.7,84.7
100.0,0.0,,,,reinforcment_and_stiffening_modifiers,1.0,no_additive,0.0,,85.05,167.5,173.2,269.0,,,170.35,173.2,85.05,85.05
100.0,0.0,,,,reinforcment_and_stiffening_modifiers,1.5,no_additive,0.0,,88.0,167.9,174.8,269.0,,,171.35000000000002,174.8,88.0,88.0
100.0,0.0,,,,reinforcment_and_stiffening_modifiers,2.0,no_additive,0.0,,89.4,167.5,173.5,269.0,,,170.5,173.5,89.4,89.4
100.0,0.0,,,,no_additive,0.0,no_additive,0.0,,116.9,164.2,,195.6,81.1,55.5,164.2,164.2,116.9,116.9
100.0,0.0,,,,reinforcment_and_stiffening_modifiers,2.0,no_additive,0.0,,115.5,163.0,,195.7,78.4,54.8,163.0,163.0,115.5,115.5
100.0,0.0,,,,reinforcment_and_stiffening_modifiers,2.0,no_additive,0.0,,118.2,163.3,,200.9,81.5,57.0,163.3,163.3,118.2,118.2
100.0,0.0,,,,reinforcment_and_stiffening_modifiers,2.0,no_additive,0.0,,118.2,163.6,,206.8,81.5,57.0,163.6,163.6,118.2,118.2
100.0,0.0,548277.0,,,no_additive,0.0,no_additive,0.0,,54.5,168.7,,,80.0,54.8,168.7,168.7,54.5,54.5
100.0,0.0,548277.0,,,reinforcment_and_stiffening_modifiers,5.0,no_additive,0.0,,76.0,168.7,,,74.3,53.6,168.7,168.7,76.0,76.0
100.0,0.0,,40000.0,,no_additive,0.0,no_additive,0.0,,92.6,167.1,175.7,,97.5,66.8,171.39999999999998,175.7,92.6,92.6
100.0,0.0,,40000.0,,reinforcment_and_stiffening_modifiers,1.0,no_additive,0.0,,80.7,167.8,175.9,,84.5,58.5,171.85000000000002,175.9,80.7,80.7
100.0,0.0,,40000.0,,reinforcment_and_stiffening_modifiers,5.0,no_additive,0.0,,71.1,163.6,173.1,,87.5,63.1,168.35,173.1,71.1,71.1
100.0,0.0,,40000.0,,reinforcment_and_stiffening_modifiers,20.0,no_additive,0.0,,69.5,167.5,175.4,,72.1,61.7,171.45,175.4,69.5,69.5
100.0,0.0,,,,no_additive,0.0,no_additive,0.0,,90.3,169.6,175.6,287.0,96.09,,172.6,175.6,90.3,90.3
100.0,0.0,,,,reinforcment_and_stiffening_modifiers,2.0,no_additive,0.0,,92.5,170.0,175.7,290.0,82.42,,172.85,175.7,92.5,92.5
100.0,0.0,,,,reinforcment_and_stiffening_modifiers,2.0,no_additive,0.0,,72.9,168.2,176.0,282.0,88.28,,172.1,176.0,72.9,72.9
100.0,0.0,,,,reinforcment_and_stiffening_modifiers,2.0,no_additive,0.0,,80.5,168.0,168.0,282.0,92.73,,168.0,168.0,80.5,80.5
100.0,0.0,,,,no_additive,0.0,plasticizers_and_flexibility_enhancers,10.0,,112.2,163.8,170.5,191.9,57.7,57.9,167.15,170.5,112.2,112.2
100.0,0.0,,,,no_additive,0.0,plasticizers_and_flexibility_enhancers,10.0,,111.8,163.0,170.7,202.4,53.2,57.5,166.85,170.7,111.8,111.8
100.0,0.0,,,,reinforcment_and_stiffening_modifiers,0.5,plasticizers_and_flexibility_enhancers,10.0,,114.8,164.2,169.0,,63.1,57.4,166.6,169.0,114.8,114.8
100.0,0.0,,,,reinforcment_and_stiffening_modifiers,0.5,plasticizers_and_flexibility_enhancers,10.0,,116.5,163.8,170.4,,55.3,57.1,167.10000000000002,170.4,116.5,116.5
100.0,0.0,,,,reinforcment_and_stiffening_modifiers,1.0,plasticizers_and_flexibility_enhancers,10.0,,114.1,163.6,170.5,195.3,61.3,58.3,167.05,170.5,114.1,114.1
100.0,0.0,,,,reinforcment_and_stiffening_modifiers,1.0,plasticizers_and_flexibility_enhancers,10.0,,115.2,162.9,170.8,196.7,50.5,57.0,166.85000000000002,170.8,115.2,115.2
100.0,0.0,,,,reinforcment_and_stiffening_modifiers,2.0,plasticizers_and_flexibility_enhancers,10.0,,114.6,163.6,170.5,192.4,56.5,58.0,167.05,170.5,114.6,114.6
100.0,0.0,,,,reinforcment_and_stiffening_modifiers,2.0,plasticizers_and_flexibility_enhancers,10.0,,115.1,162.8,170.6,203.0,50.7,56.2,166.7,170.6,115.1,115.1
100.0,0.0,,,,reinforcment_and_stiffening_modifiers,5.0,plasticizers_and_flexibility_enhancers,10.0,,114.1,164.4,169.0,192.8,60.3,57.0,166.7,169.0,114.1,114.1
100.0,0.0,,,,reinforcment_and_stiffening_modifiers,5.0,plasticizers_and_flexibility_enhancers,10.0,,114.0,163.0,170.8,194.4,49.7,57.3,166.9,170.8,114.0,114.0
100.0,0.0,,,,reinforcment_and_stiffening_modifiers,2.0,plasticizers_and_flexibility_enhancers,10.0,,113.7,162.7,170.6,183.5,51.7,59.4,166.64999999999998,170.6,113.7,113.7
100.0,0.0,,,,no_additive,0.0,no_additive,0.0,,,,,272.4,88.2,60.3,,,,
100.0,0.0,,,,nucleating_agent,10.0,no_additive,0.0,,,,,276.2,81.3,61.9,,,,
100.0,0.0,,,,nucleating_agent,20.0,no_additive,0.0,,,,,277.4,72.3,62.0,,,,
100.0,0.0,,,,nucleating_agent,30.0,no_additive,0.0,,,,,279.9,61.9,60.5,,,,
100.0,0.0,,,,nucleating_agent,40.0,no_additive,0.0,,,,,281.1,52.4,59.8,,,,
100.0,0.0,,,,nucleating_agent,50.0,no_additive,0.0,,,,,283.4,43.1,59.0,,,,
97.0,3.0,,,,no_additive,0.0,no_additive,0.0,28.0,,173.1,,278.7,97.4,66.7,173.1,173.1,,
97.0,3.0,,,,plasticizers_and_flexibility_enhancers,23.08,no_additive,0.0,-14.0,,171.4,,279.5,72.2,64.3,171.4,171.4,,
97.0,3.0,,,,plasticizers_and_flexibility_enhancers,23.08,reinforcment_and_stiffening_modifiers,1.0,-14.0,,171.5,,279.2,70.7,63.4,171.5,171.5,,
100.0,0.0,290000.0,126086.95652173914,2.3,no_additive,0.0,no_additive,0.0,-20.4,93.9,174.0,,,59.48,40.49,174.0,174.0,93.9,93.9
100.0,0.0,290000.0,126086.95652173914,2.3,reinforcment_and_stiffening_modifiers,0.25,no_additive,0.0,-22.0,89.0,170.0,,,21.75,14.55,170.0,170.0,89.0,89.0
100.0,0.0,290000.0,126086.95652173914,2.3,reinforcment_and_stiffening_modifiers,0.5,no_additive,0.0,-24.1,88.9,158.1,,,8.91,3.23,158.1,158.1,88.9,88.9
100.0,0.0,290000.0,126086.95652173914,2.3,reinforcment_and_stiffening_modifiers,1.0,no_additive,0.0,-29.3,86.9,151.0,,,7.94,2.5,151.0,151.0,86.9,86.9
98.5,1.5,400000.0,,,no_additive,0.0,no_additive,0.0,,115.4,172.4,,,80.9,55.9,172.4,172.4,115.4,115.4
98.5,1.5,400000.0,,,no_additive,0.0,reinforcment_and_stiffening_modifiers,3.0,,120.4,172.1,,,86.4,60.7,172.1,172.1,120.4,120.4
98.5,1.5,400000.0,,,reinforcment_and_stiffening_modifiers,1.0,reinforcment_and_stiffening_modifiers,2.0,,121.3,173.0,,,87.8,61.7,173.0,173.0,121.3,121.3
98.5,1.5,400000.0,,,reinforcment_and_stiffening_modifiers,1.5,reinforcment_and_stiffening_modifiers,1.5,,122.0,173.1,,,88.2,62.0,173.1,173.1,122.0,122.0
98.5,1.5,400000.0,,,reinforcment_and_stiffening_modifiers,2.0,reinforcment_and_stiffening_modifiers,1.0,,121.7,172.6,,,84.9,59.7,172.6,172.6,121.7,121.7
98.5,1.5,400000.0,,,reinforcment_and_stiffening_modifiers,3.0,no_additive,0.0,,119.0,172.6,,,83.5,58.6,172.6,172.6,119.0,119.0
100.0,0.0,,,,no_additive,0.0,no_additive,0.0,,,162.0,170.0,,,,166.0,170.0,,
100.0,0.0,,,,reinforcment_and_stiffening_modifiers,1.0,no_additive,0.0,,,165.0,171.0,,,,168.0,171.0,,
100.0,0.0,,,,reinforcment_and_stiffening_modifiers,5.0,no_additive,0.0,,,169.0,172.0,,,,170.5,172.0,,
100.0,0.0,,,,reinforcment_and_stiffening_modifiers,15.0,no_additive,0.0,,,172.0,,,,,172.0,172.0,,
100.0,0.0,,,,reinforcment_and_stiffening_modifiers,30.0,no_additive,0.0,,,172.0,,,,,172.0,172.0,,
100.0,0.0,150000.0,,,no_additive,0.0,no_additive,0.0,,,,,,,,,,,
100.0,0.0,150000.0,,,plasticizers_and_flexibility_enhancers,20.0,no_additive,0.0,,,,,,,,,,,
100.0,0.0,150000.0,,,plasticizers_and_flexibility_enhancers,40.0,no_additive,0.0,,,,,,,,,,,
100.0,0.0,370000.0,221556.88622754492,1.67,no_additive,0.0,no_additive,0.0,0.39,69.0,162.4,,,46.9,32.1,162.4,162.4,69.0,69.0
100.0,0.0,370000.0,221556.88622754492,1.67,nucleating_agent,5.0,no_additive,0.0,-7.5,62.1,161.3,,,62.2,42.6,161.3,161.3,62.1,62.1
100.0,0.0,370000.0,221556.88622754492,1.67,nucleating_agent,17.0,no_additive,0.0,-9.3,58.0,160.3,,,60.9,41.7,160.3,160.3,58.0,58.0
100.0,0.0,370000.0,221556.88622754492,1.67,nucleating_agent,5.0,no_additive,0.0,-5.2,59.2,160.6,,,54.2,37.1,160.6,160.6,59.2,59.2
100.0,0.0,370000.0,221556.88622754492,1.67,nucleating_agent,17.0,no_additive,0.0,-10.0,55.2,159.2,,,49.6,34.0,159.2,159.2,55.2,55.2
100.0,0.0,,,,no_additive,0.0,no_additive,0.0,,,175.1,,295.2,73.9,50.6,175.1,175.1,,
100.0,0.0,,,,reinforcment_and_stiffening_modifiers,2.91,no_additive,0.0,,,172.3,,,76.1,52.1,172.3,172.3,,
100.0,0.0,,,,reinforcment_and_stiffening_modifiers,5.66,no_additive,0.0,,,172.9,,,67.7,46.4,172.9,172.9,,
100.0,0.0,,,,reinforcment_and_stiffening_modifiers,8.26,no_additive,0.0,,,169.4,,,73.8,50.6,169.4,169.4,,
100.0,0.0,,,,reinforcment_and_stiffening_modifiers,2.91,no_additive,0.0,,,171.4,,290.0,74.2,50.8,171.4,171.4,,
100.0,0.0,,,,reinforcment_and_stiffening_modifiers,5.66,no_additive,0.0,,,170.8,,284.8,65.5,44.9,170.8,170.8,,
100.0,0.0,,,,reinforcment_and_stiffening_modifiers,8.26,no_additive,0.0,,,170.9,,280.0,63.5,43.5,170.9,170.9,,
100.0,0.0,500000.0,,,no_additive,0.0,no_additive,0.0,,,169.7,,,80.1,,169.7,169.7,,
100.0,0.0,500000.0,,,nucleating_agent,0.5,no_additive,0.0,,,169.2,,,76.8,,169.2,169.2,,
100.0,0.0,500000.0,,,nucleating_agent,2.0,no_additive,0.0,,,169.2,,,80.5,,169.2,169.2,,
100.0,0.0,293500.0,,,no_additive,0.0,no_additive,0.0,,101.0,164.0,166.0,223.0,70.8,48.5,165.0,166.0,101.5,102.0
100.0,0.0,,,,no_additive,0.0,no_additive,0.0,,,170.74,,257.0,95.52,,170.74,170.74,,
85.4,14.6,,,,no_additive,0.0,no_additive,0.0,,,165.03,,263.0,84.61,,165.03,165.03,,
